,fbref_ID,Season,Before_All_Star,Start,Min,SoTA,GA,Saves,Save%,CS,PSxG,PKatt,PKA,PKsv,PKm,Cmp,Att,Cmp%,Att.1,Thr,Launch%,AvgLen,Att.2,Launch%.1,AvgLen.1,Opp,Stp,Stp%,#OPA,AvgDist,Win_Loss_Draw,all_star,Player,Nation,Pos,Age
0,012fc030,2018,False,15,1380.0,68.0,14.0,54.0,79.62666666666668,5.0,1.2266666666666666,0.0,0.0,0.0,0.0,80.0,230.0,36.07333333333334,273.0,49.0,50.986666666666665,41.080000000000005,139.0,67.8,50.480000000000004,177.0,15.0,8.273333333333333,5.0,12.173333333333334,WWLLWDWDWWWWWDD,False,Bill Hamid,USA,GK,27
1,012fc030,2019,False,11,1020.0,64.0,17.0,48.0,81.03636363636363,5.0,1.6818181818181819,2.0,1.0,0.0,1.0,60.0,186.0,32.800000000000004,198.0,47.0,53.32727272727273,42.154545454545456,102.0,69.57272727272726,52.4,150.0,17.0,13.436363636363637,3.0,11.10909090909091,LWLLLWWWDDL,False,Bill Hamid,USA,GK,28
2,012fc030,2019,True,23,2070.0,112.0,25.0,87.0,78.00869565217391,9.0,1.3217391304347825,3.0,0.0,1.0,2.0,111.0,334.0,36.9,384.0,93.0,48.39565217391304,41.25217391304348,223.0,67.94347826086957,51.369565217391305,260.0,16.0,5.952173913043478,4.0,12.045454545454545,WDWWLDWLWLWWDLDDDWDLDLD,False,Bill Hamid,USA,GK,28
3,012fc030,2021,False,11,990.0,60.0,21.0,40.0,71.25454545454545,3.0,1.6363636363636365,1.0,1.0,0.0,0.0,75.0,174.0,43.345454545454544,174.0,35.0,58.71818181818182,45.60909090909091,104.0,68.49090909090908,48.0,91.0,9.0,9.481818181818182,8.0,13.909090909090908,WLWWLDLLWLW,False,Bill Hamid,USA,GK,30
4,012fc030,2021,True,10,826.0,26.0,7.0,20.0,78.81,5.0,0.85,0.0,0.0,0.0,0.0,42.0,135.0,39.87777777777777,185.0,37.0,41.3,37.160000000000004,75.0,49.230000000000004,40.790000000000006,81.0,7.0,6.279999999999999,11.0,15.455555555555556,WWDLWLDWDW,False,Bill Hamid,USA,GK,30
5,012fc030,2022,True,10,858.0,49.0,16.0,34.0,65.32222222222222,3.0,1.17,0.0,0.0,0.0,0.0,36.0,91.0,40.12222222222223,167.0,41.0,33.18,33.31,68.0,41.78,37.230000000000004,96.0,5.0,3.46,4.0,14.85,WWLLLLWDDL,False,Bill Hamid,USA,GK,31
6,063adc5e,2018,True,5,450.0,19.0,8.0,12.0,62.0,0.0,1.3,1.0,1.0,0.0,0.0,19.0,46.0,53.7,110.0,21.0,24.52,31.439999999999998,36.0,47.339999999999996,40.2,29.0,4.0,18.2,6.0,15.24,WDDLW,False,Jon Kempin,USA,GK,24
7,063adc5e,2019,True,3,270.0,8.0,4.0,4.0,50.0,0.0,0.9666666666666667,0.0,0.0,0.0,0.0,17.0,51.0,36.266666666666666,63.0,20.0,42.6,37.63333333333333,29.0,72.76666666666667,56.06666666666666,17.0,2.0,7.3999999999999995,4.0,16.433333333333334,LLL,False,Jon Kempin,USA,GK,25
8,063adc5e,2021,False,3,270.0,9.0,4.0,6.0,55.56666666666666,0.0,0.9,0.0,0.0,0.0,0.0,32.0,56.0,57.06666666666666,68.0,22.0,55.333333333333336,42.93333333333334,23.0,72.46666666666667,49.63333333333333,30.0,2.0,3.9333333333333336,3.0,14.966666666666667,LWD,False,Jon Kempin,USA,GK,27
9,063adc5e,2021,True,6,614.0,23.0,13.0,11.0,45.714285714285715,1.0,1.342857142857143,1.0,1.0,0.0,0.0,38.0,91.0,44.628571428571426,124.0,34.0,50.67142857142857,41.128571428571426,52.0,59.25714285714286,44.371428571428574,69.0,4.0,7.042857142857143,2.0,12.62857142857143,WLLWWLL,False,Jon Kempin,USA,GK,27
10,063adc5e,2022,True,2,180.0,11.0,5.0,6.0,37.5,0.0,2.0,0.0,0.0,0.0,0.0,11.0,28.0,67.3,33.0,8.0,41.35,38.0,18.0,51.8,42.55,18.0,0.0,0.0,0.0,13.05,WL,False,Jon Kempin,USA,GK,29
11,06caac45,2018,True,1,159.0,12.0,5.0,9.0,75.0,0.0,1.65,2.0,2.0,0.0,0.0,16.0,37.0,44.85,40.0,10.0,67.55000000000001,48.7,16.0,62.5,53.25,15.0,2.0,13.899999999999999,1.0,14.35,LL,False,Zac MacMath,USA,GK,26
12,06caac45,2019,False,2,180.0,13.0,2.0,12.0,91.65,0.0,1.45,1.0,1.0,0.0,0.0,13.0,39.0,34.25,60.0,13.0,44.0,38.95,20.0,57.15,53.55,22.0,1.0,5.0,2.0,17.3,WD,False,Zac MacMath,USA,GK,27
13,06caac45,2019,True,6,540.0,35.0,11.0,26.0,58.11666666666667,0.0,1.8499999999999999,0.0,0.0,0.0,0.0,39.0,107.0,37.839999999999996,178.0,36.0,36.550000000000004,35.300000000000004,58.0,59.166666666666664,49.53333333333333,65.0,4.0,6.95,2.0,12.9,LDDDLL,False,Zac MacMath,USA,GK,27
14,06caac45,2021,False,1,45.0,2.0,0.0,2.0,100.0,0.0,0.3,0.0,0.0,0.0,0.0,2.0,9.0,22.2,17.0,3.0,41.2,36.1,3.0,66.7,57.7,7.0,1.0,14.3,0.0,10.3,L,False,Zac MacMath,USA,GK,29
15,06caac45,2021,True,6,540.0,18.0,6.0,13.0,56.25,2.0,0.8333333333333334,1.0,1.0,0.0,0.0,48.0,121.0,40.88333333333333,168.0,25.0,51.1,40.949999999999996,54.0,66.98333333333333,52.76666666666667,64.0,9.0,14.049999999999999,4.0,13.466666666666667,DDLLWW,False,Zac MacMath,USA,GK,29
16,06caac45,2022,False,11,1020.0,42.0,14.0,30.0,64.17,2.0,1.2909090909090908,4.0,2.0,2.0,0.0,103.0,291.0,37.154545454545456,329.0,52.0,62.23636363636364,49.32727272727273,122.0,63.7,50.6,152.0,7.0,5.236363636363635,8.0,12.363636363636363,WDDWLDLLDWD,False,Zac MacMath,USA,GK,31
17,06caac45,2022,True,24,2160.0,108.0,33.0,78.0,76.125,8.0,1.3833333333333335,6.0,5.0,1.0,0.0,196.0,532.0,38.862500000000004,646.0,97.0,60.17083333333333,46.979166666666664,189.0,72.90416666666667,55.92916666666667,192.0,24.0,11.370833333333332,28.0,15.529166666666667,DWWWLDDLDWLWWWLWDLDLWLDL,False,Zac MacMath,USA,GK,31
18,0cf321c8,2022,False,11,990.0,54.0,16.0,42.0,78.89090909090909,3.0,1.9,6.0,4.0,2.0,0.0,39.0,142.0,31.654545454545453,235.0,55.0,40.054545454545455,38.54545454545455,87.0,50.89090909090908,43.26363636363636,84.0,4.0,5.1454545454545455,3.0,11.627272727272727,WDLLDWLLLWD,False,?or?e Petrovi?,SRB,GK,23
19,0cf321c8,2022,True,10,900.0,45.0,11.0,38.0,81.83,4.0,1.56,6.0,4.0,2.0,0.0,32.0,124.0,29.610000000000003,247.0,70.0,32.65,35.660000000000004,91.0,50.089999999999996,45.64,88.0,5.0,4.95,4.0,12.42,WDWDDLLDDW,False,?or?e Petrovi?,SRB,GK,23
20,0d3f30b9,2018,False,5,450.0,20.0,6.0,14.0,69.28,1.0,1.26,1.0,0.0,1.0,0.0,33.0,84.0,40.980000000000004,102.0,25.0,51.220000000000006,39.92,43.0,60.17999999999999,47.519999999999996,57.0,3.0,4.82,5.0,16.52,DLLWL,False,Adam Grinwis,USA,GK,25
21,0d3f30b9,2021,False,2,180.0,7.0,5.0,4.0,20.0,0.0,0.85,0.0,0.0,0.0,0.0,6.0,13.0,40.3,24.0,9.0,40.0,33.8,22.0,13.25,22.15,18.0,1.0,4.15,0.0,11.4,WL,False,Adam Grinwis,USA,GK,28
22,0d5c0218,2019,False,2,180.0,6.0,1.0,5.0,83.3,1.0,0.55,0.0,0.0,0.0,0.0,6.0,30.0,19.45,41.0,9.0,45.35,38.349999999999994,15.0,80.35,58.4,4.0,0.0,0.0,0.0,13.149999999999999,DW,False,Clément Diop,SEN,GK,25
23,0d5c0218,2021,True,8,720.0,30.0,9.0,23.0,70.24285714285715,3.0,1.1375,3.0,2.0,1.0,0.0,41.0,76.0,55.075,203.0,34.0,23.0,28.4625,60.0,34.7625,31.9,58.0,3.0,4.3125,4.0,13.9375,WDDLLLWD,False,Clément Diop,SEN,GK,27
24,0d5c0218,2022,True,3,270.0,12.0,7.0,5.0,38.9,1.0,1.6333333333333335,0.0,0.0,0.0,0.0,9.0,37.0,26.166666666666668,62.0,7.0,36.699999999999996,33.9,31.0,44.23333333333333,36.63333333333333,19.0,0.0,0.0,1.0,15.533333333333333,DLL,False,Clément Diop,SEN,GK,29
25,10f6f942,2018,False,1,90.0,6.0,3.0,3.0,50.0,0.0,1.8,0.0,0.0,0.0,0.0,4.0,9.0,44.4,46.0,8.0,17.4,32.2,7.0,14.3,25.7,1.0,1.0,100.0,0.0,15.7,D,False,Earl Edwards Jr.,USA,GK,26
26,10f6f942,2018,True,4,301.0,18.0,7.0,11.0,63.53333333333333,0.0,1.875,0.0,0.0,0.0,0.0,27.0,53.0,46.1,88.0,15.0,49.2,42.55,35.0,28.05,36.8,26.0,4.0,18.05,0.0,12.100000000000001,WLLL,False,Earl Edwards Jr.,USA,GK,26
27,10f6f942,2022,True,4,360.0,17.0,8.0,9.0,62.5,1.0,1.7249999999999999,0.0,0.0,0.0,0.0,21.0,48.0,49.4,63.0,23.0,46.375,38.225,26.0,76.6,48.075,36.0,3.0,8.125,2.0,12.075,DWLL,False,Earl Edwards Jr.,USA,GK,30
28,15e6b513,2018,False,17,1530.0,56.0,15.0,41.0,77.28235294117647,9.0,0.8941176470588235,0.0,0.0,0.0,0.0,100.0,296.0,33.247058823529414,316.0,71.0,58.00588235294118,45.51176470588236,130.0,86.5529411764706,61.85882352941176,134.0,13.0,7.064705882352941,18.0,16.25294117647059,WWDDWWLDWWWWWLWLW,False,Luis Robles,USA,GK,33
29,15e6b513,2018,True,18,1620.0,63.0,19.0,47.0,72.15882352941176,7.0,1.2444444444444445,3.0,2.0,1.0,0.0,92.0,292.0,32.37222222222223,369.0,83.0,54.07222222222222,42.46111111111111,132.0,71.92222222222222,54.01111111111111,144.0,12.0,8.36111111111111,28.0,18.23888888888889,WLWLWLWWWDWWWLWWWL,False,Luis Robles,USA,GK,33
30,15e6b513,2019,False,12,1110.0,48.0,21.0,30.0,68.16666666666667,4.0,1.5166666666666666,2.0,2.0,0.0,0.0,72.0,249.0,29.425,213.0,30.0,73.58333333333333,50.333333333333336,96.0,94.44166666666666,62.791666666666664,90.0,4.0,5.041666666666667,13.0,15.133333333333333,WLDWLLLWWDLL,False,Luis Robles,USA,GK,34
31,15e6b513,2019,True,22,1980.0,86.0,33.0,57.0,65.03181818181818,5.0,1.2909090909090908,5.0,4.0,1.0,0.0,123.0,381.0,33.39545454545455,381.0,71.0,59.48181818181818,43.845454545454544,176.0,86.49545454545455,60.75909090909091,166.0,11.0,6.6499999999999995,31.0,16.813636363636363,DWLLLDLWWLWDWWLWLDWLWL,False,Luis Robles,USA,GK,34
32,18f0723b,2018,True,3,270.0,15.0,3.0,12.0,84.89999999999999,1.0,1.2666666666666666,1.0,0.0,0.0,1.0,11.0,38.0,45.46666666666667,57.0,24.0,47.166666666666664,39.199999999999996,19.0,56.06666666666666,52.13333333333333,24.0,2.0,11.1,4.0,14.733333333333334,WWDL,False,Ryan Meara,USA,GK,27
33,18f0723b,2019,True,1,90.0,6.0,1.0,5.0,83.3,0.0,2.1,0.0,0.0,0.0,0.0,5.0,24.0,20.8,20.0,4.0,70.0,55.9,10.0,100.0,68.7,8.0,1.0,12.5,0.0,15.0,W,False,Ryan Meara,USA,GK,28
34,18f0723b,2022,True,1,90.0,6.0,2.0,4.0,66.7,0.0,1.4,0.0,0.0,0.0,0.0,3.0,5.0,60.0,18.0,7.0,22.2,29.0,5.0,20.0,26.2,3.0,2.0,66.7,2.0,16.8,L,False,Ryan Meara,USA,GK,31
35,1d0a0f3e,2018,False,15,1380.0,57.0,17.0,42.0,69.44,3.0,1.0333333333333334,1.0,1.0,0.0,0.0,96.0,229.0,45.92666666666666,351.0,70.0,46.18,39.34,128.0,49.34666666666667,42.38666666666666,148.0,18.0,11.826666666666666,7.0,14.053333333333335,WWWWWWLLWWWWWLL,False,Stefan Frei,SUI,GK,31
36,1d0a0f3e,2018,True,20,1800.0,91.0,21.0,71.0,73.215,4.0,1.2650000000000001,1.0,1.0,0.0,0.0,165.0,405.0,42.864999999999995,566.0,117.0,46.3,39.97,206.0,65.25,50.825,191.0,23.0,10.155,6.0,13.555000000000001,LLLDWLDWLLLWLDWDDWWW,False,Stefan Frei,SUI,GK,31
37,1d0a0f3e,2019,False,16,1470.0,85.0,26.0,61.0,73.775,4.0,1.625,3.0,3.0,0.0,0.0,113.0,232.0,50.612500000000004,400.0,97.0,41.04375,37.43125,137.0,50.15625,43.5875,164.0,10.0,4.2,7.0,11.75625,LDLDWWLWDLWWWWWW,False,Stefan Frei,SUI,GK,32
38,1d0a0f3e,2019,True,22,1980.0,87.0,28.0,63.0,62.80952380952381,7.0,1.1363636363636365,2.0,2.0,0.0,0.0,139.0,318.0,43.82727272727273,514.0,107.0,42.945454545454545,39.127272727272725,204.0,50.71818181818182,43.268181818181816,172.0,9.0,5.754545454545454,11.0,12.72272727272727,WWWDWWLDDDWWDLLLWLWWLW,False,Stefan Frei,SUI,GK,32
39,1d0a0f3e,2021,False,13,1200.0,40.0,14.0,27.0,55.55833333333334,3.0,0.8769230769230769,0.0,0.0,0.0,0.0,70.0,150.0,43.83846153846154,285.0,50.0,41.45384615384615,35.93076923076923,101.0,29.54615384615385,28.26923076923077,102.0,9.0,7.5307692307692315,4.0,12.838461538461539,WLWWWWLDLLDDD,False,Stefan Frei,SUI,GK,34
40,1d0a0f3e,2021,True,5,450.0,18.0,2.0,16.0,90.0,3.0,0.78,2.0,0.0,1.0,1.0,32.0,80.0,40.28,146.0,30.0,44.6,37.18,45.0,34.9,34.7,58.0,8.0,13.62,0.0,11.84,WDWWW,False,Stefan Frei,SUI,GK,34
41,1d0a0f3e,2022,False,9,810.0,41.0,15.0,29.0,67.22222222222223,1.0,1.822222222222222,4.0,3.0,1.0,0.0,42.0,100.0,50.644444444444446,181.0,29.0,39.388888888888886,34.96666666666667,61.0,47.12222222222223,39.011111111111106,63.0,3.0,5.555555555555555,3.0,13.177777777777777,LDLLWWLDL,False,Stefan Frei,SUI,GK,36
42,1d0a0f3e,2022,True,18,1620.0,75.0,23.0,54.0,75.12352941176471,4.0,1.422222222222222,3.0,3.0,0.0,0.0,124.0,244.0,50.66111111111111,452.0,70.0,36.52222222222222,34.916666666666664,177.0,42.27777777777778,38.233333333333334,140.0,5.0,5.511111111111111,9.0,13.205882352941176,LLWWLWWLWWDWLLWLWL,False,Stefan Frei,SUI,GK,36
43,1e29552f,2021,False,2,180.0,5.0,4.0,1.0,25.0,0.0,0.6499999999999999,0.0,0.0,0.0,0.0,5.0,11.0,46.65,39.0,9.0,23.4,27.5,11.0,22.9,25.45,9.0,0.0,0.0,1.0,16.45,DL,False,Jonathan Klinsmann,USA,GK,23
44,1e29552f,2021,True,1,90.0,6.0,0.0,5.0,100.0,1.0,2.0,0.0,0.0,0.0,0.0,8.0,18.0,44.4,52.0,2.0,30.8,30.3,7.0,28.6,31.9,11.0,0.0,0.0,1.0,13.3,W,False,Jonathan Klinsmann,USA,GK,23
45,1fa85681,2019,False,11,990.0,45.0,22.0,24.0,61.290909090909096,3.0,1.5636363636363635,2.0,1.0,1.0,0.0,75.0,197.0,39.08181818181818,239.0,44.0,49.690909090909095,39.99090909090909,117.0,65.8,50.845454545454544,124.0,7.0,4.509090909090909,6.0,14.727272727272727,LDLLLLWLDDD,False,Przemyslaw Tyton,POL,GK,32
46,1fa85681,2019,True,4,360.0,13.0,8.0,5.0,31.549999999999997,0.0,1.0,0.0,0.0,0.0,0.0,22.0,64.0,34.8,78.0,14.0,48.075,39.475,41.0,57.925,46.725,35.0,1.0,2.5,1.0,14.0,LLLL,False,Przemyslaw Tyton,POL,GK,32
47,1fa85681,2021,False,11,990.0,69.0,30.0,39.0,59.78181818181818,1.0,2.190909090909091,1.0,1.0,0.0,0.0,42.0,84.0,51.50909090909091,220.0,49.0,27.036363636363635,30.5,86.0,26.318181818181817,31.045454545454547,91.0,7.0,7.536363636363637,8.0,14.1,LWLLLLLLLLL,False,Przemys?aw Tyto?,POL,GK,34
48,1fa85681,2021,True,3,296.0,18.0,5.0,13.0,62.3,1.0,1.3,0.0,0.0,0.0,0.0,12.0,44.0,32.95,71.0,9.0,26.825,32.0,41.0,59.375,45.525,41.0,1.0,1.475,1.0,11.625,DLDD,False,Przemys?aw Tyto?,POL,GK,34
49,203a7651,2018,False,11,990.0,40.0,16.0,25.0,63.26363636363636,3.0,1.07,3.0,2.0,1.0,0.0,51.0,144.0,33.69,188.0,25.0,46.37,39.82,69.0,72.41,57.96,80.0,5.0,6.7700000000000005,2.0,15.040000000000001,LLWDWDWLLLL,False,Jesse Gonzalez,MEX,GK,22
50,203a7651,2018,True,11,990.0,52.0,14.0,39.0,68.77272727272727,3.0,1.4454545454545453,2.0,1.0,1.0,0.0,55.0,167.0,34.59090909090909,230.0,36.0,44.07272727272727,38.86363636363637,105.0,53.86363636363637,48.01818181818182,83.0,8.0,8.027272727272727,3.0,14.454545454545455,WWWWLWWLWDW,False,Jesse Gonzalez,MEX,GK,22
51,203a7651,2019,False,12,1110.0,55.0,24.0,30.0,65.70833333333333,2.0,1.6666666666666667,3.0,2.0,1.0,0.0,45.0,89.0,53.60833333333334,274.0,48.0,21.316666666666666,29.866666666666664,92.0,28.133333333333336,33.6,69.0,2.0,2.025,6.0,13.700000000000001,LWLDWWLDDLWL,False,Jesse Gonzalez,MEX,GK,23
52,203a7651,2019,True,21,1890.0,72.0,22.0,52.0,73.89047619047619,6.0,1.0666666666666667,4.0,3.0,1.0,0.0,84.0,207.0,41.20476190476191,513.0,75.0,28.395238095238092,33.21904761904762,182.0,34.68571428571428,37.333333333333336,183.0,6.0,2.9,9.0,13.9,DWLWWWWDLLLDLWWDLWLWD,False,Jesse Gonzalez,MEX,GK,23
53,22a94b80,2021,False,5,450.0,31.0,14.0,17.0,43.82000000000001,0.0,2.0,0.0,0.0,0.0,0.0,16.0,37.0,46.160000000000004,89.0,21.0,25.48,31.4,50.0,28.879999999999995,33.9,44.0,1.0,2.2199999999999998,7.0,17.26,LLLLL,False,Kenneth Vermeer,NED,GK,35
54,22a94b80,2021,True,14,1234.0,59.0,20.0,39.0,66.54285714285714,4.0,1.1071428571428572,1.0,1.0,0.0,0.0,29.0,138.0,31.485714285714288,258.0,42.0,31.2,34.878571428571426,127.0,37.021428571428565,38.00714285714286,107.0,2.0,2.142857142857143,10.0,15.792857142857143,LWLLWWDDLDLDDD,False,Kenneth Vermeer,NED,GK,35
55,249362e9,2018,False,1,90.0,6.0,0.0,6.0,100.0,1.0,1.9,0.0,0.0,0.0,0.0,12.0,26.0,46.2,26.0,4.0,53.8,44.2,12.0,100.0,60.7,15.0,1.0,6.7,0.0,10.6,W,False,John McCarthy,USA,GK,25
56,249362e9,2021,False,1,151.0,7.0,3.0,4.0,62.5,1.0,1.05,0.0,0.0,0.0,0.0,9.0,20.0,25.0,32.0,10.0,36.05,32.65,14.0,40.0,35.0,37.0,4.0,6.25,1.0,12.2,LW,False,John McCarthy,USA,GK,28
57,249362e9,2021,True,11,990.0,45.0,17.0,29.0,63.93636363636363,1.0,1.1818181818181819,1.0,1.0,0.0,0.0,47.0,137.0,35.25454545454546,208.0,53.0,39.018181818181816,35.809090909090905,102.0,50.03636363636363,40.50909090909091,112.0,11.0,10.954545454545455,4.0,13.054545454545455,LWDDLWLLLLL,False,John McCarthy,USA,GK,28
58,249362e9,2022,True,1,90.0,4.0,2.0,4.0,100.0,0.0,3.4,2.0,2.0,0.0,0.0,3.0,12.0,25.0,17.0,5.0,52.9,42.5,13.0,23.1,32.0,3.0,1.0,33.3,1.0,16.5,L,False,John McCarthy,USA,GK,30
59,271b1811,2018,False,2,180.0,6.0,2.0,5.0,80.0,1.0,1.0,0.0,0.0,0.0,0.0,11.0,27.0,38.65,37.0,7.0,37.099999999999994,34.3,22.0,59.05,45.1,19.0,1.0,6.25,0.0,9.15,LD,False,Patrick McLain,USA,GK,29
60,271b1811,2018,True,3,223.0,11.0,4.0,8.0,77.76666666666667,0.0,1.3,1.0,1.0,0.0,0.0,17.0,37.0,40.43333333333333,45.0,9.0,53.20000000000001,41.199999999999996,25.0,32.36666666666667,40.93333333333334,20.0,0.0,0.0,2.0,13.799999999999999,WLW,False,Patrick McLain,USA,GK,29
61,28269907,2018,False,2,180.0,6.0,3.0,4.0,50.0,0.0,1.1,0.0,0.0,0.0,0.0,5.0,16.0,44.900000000000006,31.0,5.0,26.6,30.9,16.0,37.25,38.55,11.0,0.0,0.0,1.0,19.65,DW,False,David Ousted,DEN,GK,32
62,28269907,2018,True,15,1350.0,68.0,29.0,41.0,57.419999999999995,0.0,1.4933333333333334,2.0,1.0,0.0,1.0,89.0,242.0,37.62,342.0,59.0,44.8,38.086666666666666,141.0,63.10666666666667,49.18666666666666,135.0,10.0,7.835714285714286,7.0,14.78,DLDLLWDLDLDWLLW,False,David Ousted,DEN,GK,32
63,28269907,2019,False,1,90.0,6.0,3.0,3.0,50.0,0.0,2.5,0.0,0.0,0.0,0.0,8.0,26.0,30.8,31.0,7.0,48.4,40.7,12.0,91.7,63.9,16.0,0.0,0.0,0.0,8.2,L,False,David Ousted,DEN,GK,33
64,28269907,2019,True,13,1170.0,48.0,17.0,33.0,71.38461538461539,4.0,1.5333333333333334,2.0,1.0,1.0,0.0,69.0,162.0,41.458333333333336,227.0,58.0,41.958333333333336,37.475,83.0,69.98333333333333,51.4,125.0,10.0,9.174999999999999,8.0,14.275,LDLWDDWLLDWWL,False,David Ousted,DEN,GK,33
65,2f061b36,2022,False,6,495.0,10.0,7.0,7.0,63.339999999999996,2.0,1.0999999999999999,4.0,4.0,0.0,0.0,21.0,55.0,34.11666666666667,133.0,21.0,30.2,31.416666666666668,45.0,31.0,33.016666666666666,47.0,4.0,7.1000000000000005,3.0,14.366666666666667,LWWDLL,False,Raúl Gudiño,MEX,GK,26
66,2f49476c,2019,True,5,437.0,20.0,7.0,15.0,78.62,2.0,1.25,2.0,2.0,0.0,0.0,30.0,77.0,34.416666666666664,90.0,22.0,49.06666666666666,40.699999999999996,39.0,79.3,53.63333333333333,26.0,1.0,5.55,3.0,15.25,WDWDLW,False,Matt Freese,USA,GK,20
67,2f49476c,2021,False,4,360.0,18.0,7.0,12.0,56.65,0.0,1.6,0.0,0.0,0.0,0.0,34.0,86.0,39.35,75.0,8.0,72.9,51.15,31.0,96.875,61.65,35.0,2.0,7.75,0.0,11.8,WDDL,False,Matt Freese,USA,GK,22
68,2f49476c,2021,True,3,236.0,10.0,3.0,7.0,61.9,0.0,0.6999999999999998,0.0,0.0,0.0,0.0,13.0,27.0,42.93333333333334,37.0,12.0,48.300000000000004,38.166666666666664,15.0,77.76666666666667,56.199999999999996,26.0,1.0,6.666666666666667,1.0,14.800000000000002,DLD,False,Matt Freese,USA,GK,22
69,31539d1e,2018,True,6,540.0,27.0,14.0,15.0,47.76666666666667,0.0,1.55,1.0,1.0,0.0,0.0,43.0,115.0,36.93333333333334,103.0,20.0,64.14999999999999,48.666666666666664,66.0,70.26666666666667,53.11666666666667,83.0,9.0,11.433333333333332,4.0,11.84,LLDDLW,False,Jake Gleeson,NZL,GK,27
70,3349dcba,2021,False,7,630.0,22.0,12.0,10.0,33.32857142857143,1.0,1.5,0.0,0.0,0.0,0.0,33.0,73.0,45.82857142857143,138.0,36.0,33.94285714285714,35.1,51.0,50.94285714285714,47.98571428571428,64.0,4.0,5.542857142857143,5.0,13.314285714285715,LDWWWLL,False,Tomas Romero,SLV,GK,20
71,3349dcba,2021,True,11,990.0,42.0,16.0,26.0,60.9,3.0,1.2181818181818183,0.0,0.0,0.0,0.0,45.0,133.0,34.39090909090909,222.0,49.0,39.32727272727273,36.85454545454545,84.0,53.17999999999999,41.92,88.0,6.0,6.709090909090909,8.0,14.363636363636363,WLWWWLDDLLL,False,Tomas Romero,SLV,GK,20
72,3f394ec5,2021,False,1,90.0,6.0,2.0,4.0,66.7,0.0,0.8,0.0,0.0,0.0,0.0,3.0,13.0,23.1,24.0,9.0,41.7,32.2,9.0,33.3,34.9,9.0,1.0,11.1,0.0,10.1,L,False,Kyle Morton,USA,GK,26
73,3f41d25f,2021,False,1,90.0,4.0,3.0,1.0,25.0,0.0,1.8,0.0,0.0,0.0,0.0,5.0,15.0,33.3,17.0,1.0,47.1,36.2,10.0,70.0,50.0,10.0,0.0,0.0,0.0,11.4,L,False,Dayne St. Clair,CAN,GK,23
74,3f41d25f,2021,True,4,360.0,20.0,10.0,10.0,50.0,0.0,2.025,1.0,0.0,1.0,0.0,17.0,57.0,29.45,86.0,18.0,44.85,39.05,29.0,68.325,50.400000000000006,35.0,1.0,8.325,6.0,20.8,LLLL,False,Dayne St. Clair,CAN,GK,23
75,3f41d25f,2022,False,10,855.0,42.0,16.0,29.0,57.089999999999996,1.0,1.29,1.0,1.0,0.0,0.0,47.0,132.0,39.089999999999996,184.0,41.0,43.79,37.410000000000004,72.0,63.339999999999996,47.96,110.0,3.0,1.6199999999999999,7.0,13.62,WWWLLLDLLW,True,Dayne St. Clair,CAN,GK,25
76,3f41d25f,2022,True,22,1980.0,107.0,32.0,78.0,71.05499999999999,4.0,1.5727272727272728,4.0,3.0,1.0,0.0,108.0,349.0,31.813636363636363,452.0,74.0,51.13181818181818,42.35454545454545,185.0,59.71363636363637,45.25909090909091,210.0,6.0,3.4454545454545453,6.0,12.177272727272726,WWLLWWLLLDWLLLWWWDWWDL,True,Dayne St. Clair,CAN,GK,25
77,42130443,2018,False,14,1290.0,47.0,21.0,30.0,54.853846153846156,4.0,1.0571428571428572,3.0,3.0,0.0,0.0,63.0,137.0,46.6,349.0,80.0,25.164285714285715,30.907142857142855,90.0,44.638461538461534,44.06923076923077,117.0,7.0,11.521428571428572,7.0,15.764285714285714,WLDWDLWDLLWDWL,True,Zack Steffen,USA,GK,22
78,42130443,2018,True,18,1620.0,63.0,21.0,44.0,64.72222222222223,7.0,1.1833333333333333,1.0,1.0,0.0,0.0,101.0,214.0,50.23888888888889,512.0,115.0,25.694444444444443,31.255555555555556,137.0,49.12777777777777,46.26111111111111,146.0,18.0,13.577777777777778,14.0,15.100000000000001,WWDLLLDWDWWWDLLLWW,True,Zack Steffen,USA,GK,22
79,42130443,2019,True,13,1170.0,52.0,17.0,36.0,71.72307692307692,4.0,1.330769230769231,2.0,1.0,1.0,0.0,64.0,163.0,39.33846153846154,294.0,67.0,34.97692307692308,35.392307692307696,113.0,50.00833333333333,45.525,104.0,8.0,9.33076923076923,4.0,12.938461538461537,DWWWWLLLLLWLD,False,Zack Steffen,USA,GK,23
80,4277b946,2018,False,15,1342.0,59.0,21.0,40.0,71.55,4.0,1.2333333333333334,1.0,1.0,0.0,0.0,107.0,291.0,39.14666666666667,337.0,91.0,53.79333333333333,43.62,133.0,85.88666666666667,60.126666666666665,186.0,21.0,13.073333333333332,12.0,14.846666666666666,WLLLLWDDLWWWDWL,False,Jeff Attinella,USA,GK,29
81,4277b946,2018,True,13,1170.0,52.0,11.0,43.0,77.23076923076923,5.0,1.1153846153846154,1.0,1.0,0.0,0.0,95.0,235.0,41.853846153846156,279.0,90.0,50.392307692307696,41.676923076923075,116.0,83.14615384615385,56.75384615384615,146.0,13.0,8.107692307692307,5.0,12.615384615384615,WWWWWDDDWWDDW,False,Jeff Attinella,USA,GK,29
82,4277b946,2019,True,10,900.0,60.0,24.0,38.0,61.32222222222222,0.0,2.46,3.0,3.0,0.0,0.0,79.0,180.0,47.019999999999996,222.0,79.0,48.980000000000004,40.959999999999994,96.0,73.44,53.07000000000001,97.0,8.0,10.379999999999999,3.0,13.63,DLLLLLWDLL,False,Jeff Attinella,USA,GK,30
83,4277b946,2021,True,2,170.0,4.0,2.0,4.0,83.35,0.0,0.4666666666666666,1.0,1.0,0.0,0.0,10.0,23.0,50.0,27.0,5.0,65.10000000000001,50.43333333333334,13.0,27.633333333333336,27.566666666666663,20.0,2.0,6.066666666666666,2.0,12.333333333333334,LWL,False,Jeff Attinella,USA,GK,32
84,42ba8628,2022,False,11,990.0,56.0,14.0,43.0,76.88181818181819,2.0,1.209090909090909,2.0,1.0,1.0,0.0,80.0,199.0,40.054545454545455,184.0,30.0,70.54545454545455,49.85454545454545,79.0,83.27272727272727,58.11818181818182,126.0,7.0,5.036363636363636,7.0,12.254545454545456,DDDWDWWDLWW,False,Roman Celentano,USA,GK,22
85,42ba8628,2022,True,17,1530.0,72.0,29.0,46.0,66.38823529411764,3.0,1.7058823529411764,5.0,4.0,1.0,0.0,84.0,246.0,36.88823529411765,287.0,67.0,48.38823529411765,40.98823529411764,155.0,64.94117647058823,48.66470588235294,160.0,10.0,4.947058823529411,11.0,13.36470588235294,LWWWWLLDWDDDDLDDW,False,Roman Celentano,USA,GK,22
86,44a7dc84,2018,False,3,270.0,16.0,8.0,8.0,50.0,0.0,2.066666666666667,0.0,0.0,0.0,0.0,13.0,31.0,40.1,53.0,12.0,38.833333333333336,37.56666666666666,23.0,49.333333333333336,42.3,21.0,1.0,4.166666666666667,0.0,9.866666666666667,LLL,False,Matt Lampson,USA,GK,28
87,44a7dc84,2018,True,6,540.0,31.0,12.0,21.0,66.53333333333333,0.0,1.8166666666666667,1.0,1.0,0.0,0.0,24.0,73.0,41.4,132.0,34.0,39.016666666666666,36.65,38.0,46.15,41.86666666666667,57.0,5.0,9.950000000000001,3.0,13.016666666666666,LWWLLL,False,Matt Lampson,USA,GK,28
88,44a7dc84,2019,False,1,90.0,6.0,4.0,2.0,33.3,0.0,3.2,0.0,0.0,0.0,0.0,4.0,5.0,80.0,17.0,7.0,17.6,25.8,4.0,50.0,37.5,5.0,0.0,0.0,1.0,14.9,L,False,Matt Lampson,USA,GK,29
89,4598ac94,2018,False,9,810.0,47.0,19.0,29.0,63.0,0.0,1.4555555555555555,1.0,1.0,0.0,0.0,29.0,125.0,23.11111111111111,171.0,42.0,37.233333333333334,37.388888888888886,85.0,63.67777777777778,51.93333333333333,78.0,2.0,2.7777777777777777,1.0,11.31111111111111,LDLLLDWWL,False,Bobby Shuttleworth,USA,GK,30
90,4598ac94,2018,True,16,1440.0,100.0,32.0,71.0,71.05625,2.0,2.00625,3.0,3.0,0.0,0.0,63.0,235.0,27.81875,333.0,96.0,39.76875,36.875,146.0,70.85625,53.8625,165.0,10.0,6.08125,7.0,13.71875,LWWLLDWLLLWLWWWL,False,Bobby Shuttleworth,USA,GK,30
91,4598ac94,2021,False,4,360.0,12.0,6.0,8.0,58.35,1.0,1.4500000000000002,2.0,2.0,0.0,0.0,12.0,52.0,23.325,60.0,14.0,51.65,40.825,30.0,54.175,45.25,39.0,1.0,1.675,1.0,12.666666666666666,LWLL,False,Bobby Shuttleworth,USA,GK,33
92,4598ac94,2021,True,19,1710.0,95.0,32.0,66.0,65.82105263157894,3.0,1.563157894736842,1.0,1.0,0.0,0.0,98.0,223.0,46.578947368421055,378.0,81.0,33.189473684210526,32.88421052631579,156.0,58.61578947368421,45.47894736842105,173.0,2.0,0.9,7.0,13.731578947368419,DLLLLWLLLDWWLDLDWWL,False,Bobby Shuttleworth,USA,GK,33
93,4598ac94,2022,True,6,558.0,21.0,9.0,10.0,38.660000000000004,1.0,1.5857142857142856,0.0,0.0,0.0,0.0,17.0,35.0,55.5,151.0,15.0,15.0,26.32857142857143,37.0,21.557142857142857,28.485714285714288,46.0,2.0,4.05,0.0,12.228571428571428,DLLWDDL,False,Bobby Shuttleworth,USA,GK,35
94,467f09c8,2018,False,10,900.0,51.0,18.0,38.0,69.82000000000001,1.0,1.6199999999999999,3.0,3.0,0.0,0.0,67.0,172.0,38.739999999999995,206.0,59.0,46.65,40.769999999999996,98.0,73.34,56.54,82.0,13.0,15.379999999999999,2.0,13.588888888888889,LLLDLWDWLW,False,Joe Willis,USA,GK,29
95,467f09c8,2018,True,16,1440.0,60.0,24.0,38.0,59.66875,3.0,1.45,5.0,2.0,2.0,1.0,113.0,318.0,34.1625,406.0,69.0,51.7875,43.4625,129.0,74.19375,56.8625,123.0,13.0,12.831249999999999,10.0,15.2125,WLWDWWLLWLDWDDLL,False,Joe Willis,USA,GK,29
96,467f09c8,2019,False,8,720.0,41.0,16.0,28.0,64.5,1.0,1.6375000000000002,3.0,3.0,0.0,0.0,45.0,114.0,42.0,190.0,50.0,44.7375,39.05,45.0,64.025,48.025,64.0,10.0,15.024999999999999,3.0,14.65,LDLLWLWL,False,Joe Willis,USA,GK,30
97,467f09c8,2019,True,19,1710.0,83.0,28.0,60.0,65.41052631578947,2.0,1.368421052631579,4.0,4.0,0.0,0.0,103.0,309.0,33.41052631578947,393.0,102.0,48.973684210526315,41.87894736842105,169.0,65.71052631578948,52.54736842105263,140.0,11.0,6.657894736842105,6.0,12.34736842105263,DWWWWLWWLDWLDLLLWLL,False,Joe Willis,USA,GK,30
98,467f09c8,2021,False,16,1470.0,58.0,15.0,48.0,77.33125,5.0,0.8875000000000001,4.0,3.0,1.0,0.0,98.0,231.0,44.95625,340.0,80.0,47.8,41.275,124.0,50.275,41.7,117.0,11.0,8.7,4.0,11.49375,WWWLWDDDDDLWDDWD,False,Joe Willis,USA,GK,32
99,467f09c8,2021,True,20,1800.0,69.0,20.0,50.0,66.45555555555556,8.0,0.9,1.0,1.0,0.0,0.0,114.0,258.0,44.16,365.0,84.0,48.675,39.955,125.0,58.595000000000006,47.005,139.0,9.0,5.9263157894736835,6.0,12.129999999999999,DDDWDWDLWDWDWDWDDLWD,False,Joe Willis,USA,GK,32
100,467f09c8,2022,False,10,900.0,39.0,8.0,33.0,75.0,4.0,1.36,4.0,2.0,2.0,0.0,53.0,144.0,40.7,204.0,45.0,47.79,39.69,77.0,61.17,49.230000000000004,86.0,6.0,6.090000000000001,2.0,10.86,LWWWWDDLWL,False,Joe Willis,USA,GK,34
101,467f09c8,2022,True,23,2070.0,94.0,29.0,66.0,72.06818181818181,5.0,1.1521739130434783,4.0,4.0,0.0,0.0,165.0,354.0,47.88695652173914,503.0,105.0,48.417391304347824,39.06086956521739,191.0,56.2304347826087,45.1,160.0,14.0,7.913636363636363,4.0,12.843478260869563,WDLLWWDLDWLWDDLWLWLDDDL,False,Joe Willis,USA,GK,34
102,4903c3a6,2018,False,4,360.0,10.0,5.0,6.0,54.175,1.0,0.975,1.0,1.0,0.0,0.0,18.0,71.0,27.575,63.0,13.0,48.875,42.1,43.0,84.2,59.875,44.0,1.0,3.125,1.0,13.925,LLWD,False,Richard Sánchez,MEX,GK,23
103,4903c3a6,2018,True,20,1847.0,114.0,42.0,75.0,65.3,2.0,2.0,3.0,3.0,0.0,0.0,138.0,304.0,47.31904761904762,442.0,120.0,42.357142857142854,36.90952380952381,179.0,65.54761904761905,50.590476190476195,176.0,10.0,4.376190476190477,16.0,14.59,LLDWLWDLWLLWDDDWLLLLL,False,Richard Sánchez,MEX,GK,23
104,4a51ba65,2018,False,6,540.0,23.0,10.0,15.0,53.9,1.0,1.5333333333333332,1.0,1.0,0.0,0.0,39.0,91.0,41.63333333333333,154.0,39.0,41.03333333333333,37.833333333333336,48.0,57.23333333333333,49.1,37.0,4.0,13.883333333333333,3.0,17.266666666666666,DLLLDW,False,Matt Turner,USA,GK,23
105,4a51ba65,2018,True,21,1890.0,97.0,32.0,69.0,69.46666666666667,4.0,1.4714285714285713,3.0,2.0,1.0,0.0,124.0,264.0,44.9,442.0,126.0,41.10476190476191,39.86666666666667,145.0,53.15714285714286,48.31904761904762,161.0,17.0,13.969999999999999,19.0,16.552380952380954,LWDWWLDWLWLDDWDDWDLLL,False,Matt Turner,USA,GK,23
106,4a51ba65,2019,False,11,990.0,75.0,17.0,58.0,79.45454545454545,2.0,1.8454545454545455,1.0,1.0,0.0,0.0,63.0,168.0,47.16363636363636,223.0,67.0,47.154545454545456,41.1,100.0,55.33636363636364,48.17272727272727,100.0,8.0,10.354545454545454,6.0,14.49,LDDWDLDDWLL,False,Matt Turner,USA,GK,24
107,4a51ba65,2019,True,10,865.0,40.0,11.0,29.0,75.94444444444444,3.0,1.37,0.0,0.0,0.0,0.0,51.0,145.0,39.37,167.0,46.0,52.92,44.7,79.0,80.17,60.21,79.0,4.0,6.01,4.0,12.9,LWDDWWDWWW,False,Matt Turner,USA,GK,24
108,4a51ba65,2021,False,13,1200.0,60.0,18.0,43.0,67.3923076923077,1.0,1.6846153846153844,2.0,1.0,1.0,0.0,75.0,170.0,46.23076923076923,296.0,85.0,36.54615384615385,37.06153846153846,100.0,49.51538461538462,41.43846153846154,128.0,6.0,5.261538461538462,7.0,13.684615384615386,WLWDWWWDWDWLD,True,Matt Turner,USA,GK,26
109,4a51ba65,2021,True,16,1440.0,72.0,19.0,55.0,79.24375,4.0,1.2875,2.0,1.0,1.0,0.0,103.0,233.0,48.5375,302.0,87.0,48.3375,43.35625,130.0,63.475,52.44375,129.0,21.0,16.5375,9.0,12.626666666666667,DWWLDWWWWWLDDWWW,True,Matt Turner,USA,GK,26
110,4a51ba65,2022,True,5,450.0,15.0,7.0,8.0,48.660000000000004,1.0,1.44,0.0,0.0,0.0,0.0,22.0,51.0,43.06,137.0,26.0,31.82,34.82,28.0,21.72,29.9,41.0,6.0,17.919999999999998,1.0,12.540000000000001,WDDWD,False,Matt Turner,USA,GK,28
111,4a8af93c,2018,True,1,90.0,6.0,1.0,5.0,83.3,0.0,1.0,0.0,0.0,0.0,0.0,10.0,14.0,71.4,21.0,4.0,42.9,44.2,10.0,50.0,41.3,8.0,0.0,0.0,0.0,14.3,W,False,Alec Kann,USA,GK,27
112,4a8af93c,2021,True,5,450.0,31.0,8.0,24.0,77.14,0.0,2.04,1.0,1.0,0.0,0.0,32.0,80.0,41.58,173.0,29.0,36.9,34.32,29.0,37.239999999999995,34.56,30.0,1.0,2.0,2.0,14.459999999999999,DLDLL,False,Alec Kann,USA,GK,30
113,4a8af93c,2022,True,7,630.0,31.0,14.0,20.0,69.04285714285714,1.0,1.7714285714285716,3.0,2.0,1.0,0.0,49.0,112.0,47.300000000000004,115.0,29.0,52.714285714285715,41.371428571428574,60.0,76.21428571428571,52.5,70.0,5.0,8.614285714285714,4.0,13.485714285714286,LLWWLLD,False,Alec Kann,USA,GK,32
114,4b1cbf4d,2019,True,2,180.0,8.0,3.0,5.0,56.65,0.0,1.9,0.0,0.0,0.0,0.0,22.0,57.0,43.4,47.0,4.0,63.0,47.1,30.0,89.7,62.2,40.0,5.0,11.65,2.0,13.649999999999999,LD,False,Greg Ranjitsingh,TRI,GK,25
115,4d6e50d8,2021,True,4,411.0,33.0,12.0,21.0,64.34,0.0,2.5,0.0,0.0,0.0,0.0,26.0,70.0,38.9,87.0,12.0,50.58,39.5,38.0,55.839999999999996,45.96,37.0,2.0,5.720000000000001,1.0,11.36,DLDWL,False,Alja Iva?i?,SVN,GK,27
116,4d6e50d8,2022,False,9,810.0,50.0,15.0,34.0,66.88888888888889,1.0,1.6111111111111112,0.0,0.0,0.0,0.0,57.0,164.0,35.644444444444446,162.0,30.0,57.53333333333333,45.62222222222223,93.0,73.92222222222222,58.8111111111111,97.0,7.0,6.233333333333333,3.0,12.81111111111111,LLWWWWDLL,False,Alja Iva?i?,SVN,GK,28
117,4d6e50d8,2022,True,23,2070.0,109.0,34.0,76.0,70.58636363636364,5.0,1.6347826086956523,2.0,1.0,1.0,0.0,89.0,285.0,33.5,431.0,97.0,40.96086956521739,37.75217391304348,189.0,49.63913043478261,43.004347826086956,268.0,17.0,7.447826086956522,9.0,12.331818181818182,DDWLDLWDDLWLLLDWWWDWDDD,False,Alja Iva?i?,SVN,GK,28
118,52e7f812,2021,False,5,450.0,15.0,5.0,10.0,56.0,1.0,1.08,0.0,0.0,0.0,0.0,14.0,36.0,59.44,87.0,20.0,17.580000000000002,24.66,45.0,42.58,30.26,31.0,0.0,0.0,5.0,14.180000000000001,DWLWL,False,Sebastian Breza,CAN,GK,22
119,52e7f812,2021,True,3,270.0,13.0,3.0,11.0,90.46666666666665,1.0,0.8666666666666667,1.0,1.0,0.0,0.0,9.0,21.0,40.86666666666667,76.0,20.0,19.666666666666668,27.399999999999995,23.0,25.099999999999998,25.900000000000002,20.0,2.0,12.5,1.0,12.366666666666667,LWD,False,Sebastian Breza,CAN,GK,22
120,52e7f812,2022,False,3,270.0,8.0,2.0,7.0,100.0,2.0,1.2,2.0,2.0,0.0,0.0,11.0,34.0,35.13333333333333,61.0,16.0,44.199999999999996,38.93333333333334,23.0,34.23333333333333,28.599999999999998,24.0,2.0,11.666666666666666,3.0,16.5,WWW,False,Sebastian Breza,CAN,GK,24
121,52e7f812,2022,True,20,1800.0,72.0,36.0,40.0,52.23,1.0,1.44,3.0,3.0,0.0,0.0,67.0,138.0,51.44500000000001,396.0,88.0,24.71,28.064999999999998,138.0,26.355,27.24,119.0,7.0,7.305,10.0,15.694999999999999,LLLDWWWDWWWLLWLWWLLW,False,Sebastian Breza,CAN,GK,24
122,53e360bb,2022,False,8,720.0,42.0,16.0,27.0,60.5125,1.0,1.375,0.0,0.0,0.0,0.0,52.0,142.0,34.35,216.0,29.0,47.425,40.7,61.0,57.5625,49.724999999999994,57.0,2.0,3.0375,3.0,12.175,LWLLLWWD,False,Kristijan Kahlina,CRO,GK,30
123,53e360bb,2022,True,23,2070.0,99.0,32.0,70.0,69.8409090909091,6.0,1.4260869565217391,4.0,4.0,0.0,0.0,137.0,355.0,39.547826086956526,777.0,97.0,36.7304347826087,34.37826086956522,129.0,54.4695652173913,45.44347826086957,189.0,17.0,8.678260869565218,11.0,13.513636363636364,LLLWWLWLDLWLWLWDLWWLLWL,False,Kristijan Kahlina,CRO,GK,30
124,5480ae05,2019,False,15,1364.0,57.0,19.0,39.0,64.78,1.0,1.1866666666666668,5.0,2.0,2.0,1.0,108.0,283.0,40.04666666666667,428.0,59.0,44.04,39.04,122.0,69.82666666666667,52.05333333333333,116.0,6.0,3.68,16.0,15.166666666666666,LDDWDWDWDDWWWWL,False,Quentin Westberg,USA,GK,32
125,5480ae05,2019,True,17,1530.0,69.0,28.0,47.0,66.81875,3.0,1.476470588235294,6.0,5.0,0.0,1.0,112.0,241.0,48.85,491.0,74.0,32.55882352941177,32.91764705882353,148.0,45.2235294117647,42.21764705882353,150.0,16.0,9.541176470588235,25.0,17.605882352941176,LLWLDLLDDLWDLWWLW,False,Quentin Westberg,USA,GK,32
126,5480ae05,2021,False,7,630.0,37.0,15.0,23.0,52.857142857142854,0.0,2.3000000000000003,1.0,1.0,0.0,0.0,47.0,101.0,45.51428571428572,204.0,33.0,34.8,33.042857142857144,52.0,44.285714285714285,39.44285714285714,59.0,1.0,1.5857142857142856,7.0,13.957142857142857,LLLDDDL,False,Quentin Westberg,USA,GK,34
127,5480ae05,2021,True,3,270.0,19.0,7.0,10.0,57.56666666666666,0.0,1.9666666666666668,0.0,0.0,0.0,0.0,21.0,31.0,68.36666666666666,64.0,8.0,34.53333333333333,33.46666666666667,18.0,69.10000000000001,43.73333333333333,27.0,1.0,3.033333333333333,4.0,16.400000000000002,LLL,False,Quentin Westberg,USA,GK,34
128,5480ae05,2022,False,4,360.0,30.0,13.0,19.0,61.35,0.0,2.85,2.0,1.0,1.0,0.0,23.0,60.0,38.7,119.0,22.0,41.6,34.974999999999994,26.0,43.875,37.75,33.0,1.0,2.5,8.0,16.975,LLLL,False,Quentin Westberg,USA,GK,36
129,5480ae05,2022,True,6,540.0,28.0,11.0,17.0,54.63333333333333,0.0,1.4833333333333334,0.0,0.0,0.0,0.0,34.0,104.0,35.36666666666667,176.0,23.0,44.36666666666667,37.083333333333336,54.0,34.63333333333333,31.849999999999998,63.0,4.0,10.816666666666668,8.0,15.9,WLWLDL,False,Quentin Westberg,USA,GK,36
130,550557e1,2019,False,2,180.0,11.0,3.0,8.0,67.85,0.0,2.0500000000000003,0.0,0.0,0.0,0.0,10.0,17.0,55.0,45.0,11.0,21.15,24.65,14.0,43.9,38.45,8.0,0.0,0.0,5.0,23.55,LD,False,Pablo Sisniega,MEX,GK,23
131,550557e1,2019,True,4,360.0,13.0,6.0,8.0,49.175,0.0,1.35,1.0,0.0,1.0,0.0,13.0,45.0,36.325,83.0,19.0,41.849999999999994,36.575,20.0,62.5,47.75,24.0,2.0,5.55,5.0,17.2,LWWW,False,Pablo Sisniega,MEX,GK,23
132,550557e1,2021,True,8,720.0,24.0,10.0,14.0,57.2875,1.0,0.9625,0.0,0.0,0.0,0.0,37.0,98.0,35.262499999999996,149.0,39.0,41.1125,35.925,63.0,54.7,43.15,72.0,5.0,5.25,11.0,16.8875,WDDLLWLD,False,Pablo Sisniega,MEX,GK,25
133,550557e1,2022,False,2,180.0,9.0,2.0,7.0,87.5,1.0,0.6,0.0,0.0,0.0,0.0,14.0,39.0,31.65,58.0,12.0,50.65,42.2,14.0,78.55,60.8,13.0,1.0,4.55,1.0,15.45,WL,False,Pablo Sisniega,MEX,GK,27
134,581cfcab,2018,False,12,1080.0,54.0,23.0,36.0,60.84166666666667,0.0,2.125,6.0,5.0,0.0,1.0,81.0,207.0,43.50833333333333,183.0,34.0,53.425000000000004,45.49166666666667,122.0,87.43333333333334,61.675000000000004,139.0,9.0,6.983333333333333,3.0,11.9,DWDWWLLLWLDW,False,Stefan Marinovic,NZL,GK,26
135,581cfcab,2018,True,12,1080.0,48.0,22.0,29.0,55.6,2.0,1.4666666666666668,4.0,2.0,1.0,1.0,62.0,170.0,41.425000000000004,202.0,50.0,36.483333333333334,36.75,123.0,74.30833333333334,54.699999999999996,132.0,4.0,2.433333333333333,9.0,13.741666666666667,WWLDWLLLWLLW,False,Stefan Marinovic,NZL,GK,26
136,5ba8a3f3,2018,False,1,135.0,7.0,1.0,6.0,83.35,0.0,0.8,0.0,0.0,0.0,0.0,9.0,20.0,45.85,44.0,6.0,36.6,35.900000000000006,7.0,58.35,44.4,3.0,0.0,0.0,2.0,16.65,LW,False,Andrew Putna,USA,GK,23
137,5ba8a3f3,2019,False,1,90.0,2.0,0.0,2.0,100.0,1.0,0.6,0.0,0.0,0.0,0.0,13.0,36.0,36.1,31.0,7.0,74.2,50.3,13.0,100.0,68.5,10.0,0.0,0.0,1.0,14.1,D,False,Andrew Putna,USA,GK,24
138,5ba8a3f3,2019,True,4,360.0,13.0,6.0,7.0,46.0,1.0,1.4,1.0,0.0,1.0,0.0,25.0,89.0,28.675,98.0,13.0,60.550000000000004,47.474999999999994,34.0,85.875,67.025,43.0,1.0,2.275,4.0,16.975,WLLW,False,Andrew Putna,USA,GK,24
139,5ba8a3f3,2021,False,2,225.0,12.0,8.0,5.0,26.666666666666668,0.0,1.6666666666666667,0.0,0.0,0.0,0.0,15.0,40.0,33.86666666666667,46.0,11.0,54.300000000000004,45.23333333333333,26.0,66.06666666666666,58.699999999999996,19.0,0.0,0.0,0.0,10.066666666666666,LLW,False,Andrew Putna,USA,GK,26
140,5c07e176,2019,True,3,320.0,11.0,2.0,8.0,87.5,2.0,0.825,0.0,0.0,0.0,0.0,23.0,64.0,32.975,78.0,20.0,53.8,42.35,23.0,100.0,64.75,36.0,5.0,11.625,1.0,11.575000000000001,WWWW,False,Carlos Coronel,BRA,GK,22
141,5c07e176,2021,False,16,1470.0,43.0,10.0,34.0,83.13125,7.0,0.75,1.0,1.0,0.0,0.0,101.0,299.0,33.3125,380.0,56.0,63.3375,47.93125,87.0,61.15625,47.58125,106.0,13.0,11.153333333333332,33.0,18.84375,LDLWDWDWWWWLWDDL,False,Carlos Coronel,BRA,GK,24
142,5c07e176,2021,True,19,1710.0,75.0,24.0,52.0,70.09473684210526,6.0,1.4000000000000001,3.0,2.0,1.0,0.0,98.0,306.0,32.47894736842105,379.0,63.0,57.5578947368421,44.61578947368421,124.0,61.56842105263158,47.22105263157895,140.0,13.0,8.24736842105263,17.0,15.478947368421053,LLWWLLWWLDWDDLLDLLW,False,Carlos Coronel,BRA,GK,24
143,5c07e176,2022,False,11,990.0,36.0,13.0,24.0,54.690909090909095,2.0,1.1090909090909091,1.0,1.0,0.0,0.0,68.0,212.0,33.02727272727273,237.0,40.0,62.72727272727273,48.71818181818182,80.0,81.33636363636364,61.25454545454545,75.0,6.0,10.645454545454545,16.0,17.227272727272727,LWDWWLWLLWL,False,Carlos Coronel,BRA,GK,25
144,5c07e176,2022,True,23,2070.0,79.0,28.0,50.0,64.5909090909091,6.0,1.0826086956521739,1.0,1.0,0.0,0.0,117.0,390.0,29.53478260869565,480.0,80.0,58.72608695652174,46.11304347826086,140.0,73.7304347826087,55.13478260869565,137.0,11.0,6.495652173913044,41.0,18.4,WWLDWLDWWDDDWLWLWWDLWLD,False,Carlos Coronel,BRA,GK,25
145,5e253986,2021,True,5,450.0,16.0,8.0,8.0,58.339999999999996,1.0,0.96,0.0,0.0,0.0,0.0,17.0,44.0,38.879999999999995,72.0,16.0,35.480000000000004,34.4,44.0,42.78,37.480000000000004,34.0,1.0,6.659999999999999,3.0,13.419999999999998,WWWLL,False,Brandon Austin,ENG,GK,22
146,6904a59a,2019,False,12,1080.0,68.0,22.0,47.0,65.29166666666667,1.0,1.7583333333333335,1.0,1.0,0.0,0.0,71.0,165.0,44.80833333333334,309.0,37.0,37.80833333333334,35.59166666666666,101.0,39.525,42.166666666666664,76.0,1.0,0.7583333333333333,0.0,12.183333333333332,DLLLWWLLLLLL,False,Mario Daniel Vega,ARG,GK,34
147,6904a59a,2019,True,22,1980.0,90.0,33.0,62.0,60.71818181818182,6.0,1.5227272727272727,6.0,3.0,1.0,2.0,122.0,302.0,41.90909090909091,582.0,73.0,37.445454545454545,35.190909090909095,189.0,44.695454545454545,39.872727272727275,124.0,12.0,7.390909090909091,2.0,12.013636363636364,LLLLWLWDDWLWWDDWWLWWWW,False,Mario Daniel Vega,ARG,GK,34
148,6904a59a,2021,False,1,90.0,1.0,1.0,0.0,0.0,0.0,0.5,1.0,0.0,0.0,1.0,4.0,8.0,50.0,34.0,8.0,14.7,28.5,4.0,75.0,41.5,2.0,0.0,0.0,0.0,13.9,D,False,Mario Daniel Vega,ARG,GK,36
149,69a57596,2018,False,11,990.0,48.0,14.0,36.0,71.82727272727273,3.0,1.0272727272727271,1.0,1.0,0.0,0.0,94.0,181.0,52.66363636363636,278.0,74.0,46.56363636363637,39.25454545454546,87.0,60.22727272727273,48.24545454545455,84.0,9.0,8.127272727272727,11.0,16.37272727272727,DDWLWWDLWWL,False,Evan Bush,USA,GK,31
150,69a57596,2018,True,23,2070.0,125.0,39.0,94.0,73.01304347826087,7.0,1.673913043478261,7.0,5.0,2.0,0.0,157.0,409.0,42.58695652173913,560.0,143.0,48.4304347826087,40.11304347826087,184.0,71.63333333333333,52.91428571428572,211.0,18.0,6.591304347826087,14.0,14.604347826086956,LLWWLLLLWLLLLWLWWWWLWDL,False,Evan Bush,USA,GK,31
151,69a57596,2019,False,8,720.0,46.0,21.0,28.0,53.3375,0.0,2.2,3.0,2.0,1.0,0.0,43.0,98.0,43.6625,165.0,52.0,37.275,36.15,56.0,64.3625,48.7,69.0,11.0,11.65,6.0,13.612499999999999,LLDLWLLL,False,Evan Bush,USA,GK,32
152,69a57596,2019,True,24,2160.0,85.0,38.0,51.0,60.74285714285714,7.0,1.2916666666666667,4.0,4.0,0.0,0.0,148.0,386.0,41.3375,579.0,124.0,45.94583333333333,39.050000000000004,163.0,69.28750000000001,50.93333333333334,139.0,9.0,7.566666666666666,15.0,14.483333333333333,WLWLDDWLWWLWLDLWLWWLLLLW,False,Evan Bush,USA,GK,32
153,69a57596,2021,False,2,180.0,10.0,4.0,6.0,62.5,0.0,1.2,0.0,0.0,0.0,0.0,10.0,25.0,49.150000000000006,35.0,3.0,42.85,41.0,16.0,56.25,49.2,15.0,0.0,0.0,1.0,17.15,WL,False,Evan Bush,USA,GK,34
154,69a57596,2021,True,2,180.0,3.0,2.0,1.0,33.3,1.0,0.15,0.0,0.0,0.0,0.0,15.0,29.0,52.65,35.0,6.0,41.5,34.85,23.0,62.3,45.349999999999994,22.0,1.0,6.25,1.0,8.9,WD,False,Evan Bush,USA,GK,34
155,69ed2fcc,2018,False,1,90.0,4.0,2.0,3.0,75.0,0.0,1.5,1.0,1.0,0.0,0.0,2.0,8.0,25.0,16.0,7.0,12.5,25.4,11.0,54.5,43.8,5.0,0.0,0.0,0.0,11.8,L,False,Luis López Fernández,HON,GK,24
156,6a1940d5,2018,False,2,180.0,9.0,4.0,5.0,55.0,0.0,1.0,0.0,0.0,0.0,0.0,11.0,21.0,52.25,60.0,18.0,35.7,36.0,6.0,0.0,22.75,9.0,1.0,10.0,2.0,15.65,DW,False,Brad Stuver,USA,GK,26
157,6a1940d5,2019,False,1,90.0,2.0,1.0,1.0,50.0,0.0,0.8,0.0,0.0,0.0,0.0,2.0,5.0,40.0,20.0,6.0,20.0,29.0,4.0,25.0,30.3,2.0,1.0,50.0,1.0,18.2,W,False,Brad Stuver,USA,GK,27
158,6a1940d5,2019,True,4,360.0,12.0,5.0,8.0,54.175,1.0,0.9,0.0,0.0,0.0,0.0,18.0,43.0,59.2,132.0,15.0,23.549999999999997,31.8,29.0,32.525,38.15,28.0,0.0,0.0,4.0,14.625,WWWL,False,Brad Stuver,USA,GK,27
159,6a1940d5,2021,False,14,1260.0,81.0,30.0,53.0,65.06428571428572,1.0,1.842857142857143,2.0,2.0,0.0,0.0,68.0,174.0,42.25,373.0,51.0,27.942857142857143,31.2,137.0,52.66428571428571,43.85,102.0,6.0,5.142857142857143,11.0,13.292857142857143,WLLLLLWWLLWLWL,False,Brad Stuver,USA,GK,29
160,6a1940d5,2021,True,19,1710.0,106.0,23.0,81.0,74.61052631578947,4.0,1.5210526315789472,1.0,0.0,1.0,0.0,72.0,156.0,48.13157894736842,563.0,121.0,17.88421052631579,26.094736842105263,159.0,30.736842105263158,32.11052631578948,174.0,14.0,7.673684210526316,11.0,14.189473684210528,LWWLLLDDDLDWLLLWLLL,False,Brad Stuver,USA,GK,29
161,6a1940d5,2022,False,11,1020.0,52.0,19.0,37.0,69.84,1.0,1.7363636363636366,4.0,4.0,0.0,0.0,59.0,113.0,59.91818181818182,313.0,70.0,23.690909090909088,28.6,77.0,47.290909090909096,40.60909090909091,83.0,5.0,4.779999999999999,18.0,21.3,WLWLLLWDLDD,False,Brad Stuver,USA,GK,31
162,6a1940d5,2022,True,21,1808.0,85.0,24.0,62.0,70.0952380952381,7.0,1.4285714285714286,4.0,2.0,2.0,0.0,122.0,330.0,37.42857142857143,642.0,87.0,35.80952380952381,34.733333333333334,175.0,60.455,46.89,155.0,17.0,9.975,25.0,14.65,WWLDDWWWWWDLWDWWWWDWD,False,Brad Stuver,USA,GK,31
163,6b306c92,2021,False,1,90.0,2.0,0.0,2.0,100.0,1.0,0.2,0.0,0.0,0.0,0.0,4.0,7.0,57.1,25.0,5.0,24.0,31.6,2.0,50.0,46.5,8.0,1.0,12.5,0.0,12.3,W,False,John Pulskamp,USA,GK,19
164,6b306c92,2021,True,5,450.0,18.0,7.0,11.0,50.0,0.0,0.6799999999999999,0.0,0.0,0.0,0.0,24.0,58.0,39.82,84.0,14.0,45.959999999999994,40.44,33.0,50.980000000000004,43.160000000000004,39.0,5.0,12.52,2.0,12.68,WDLWL,False,John Pulskamp,USA,GK,19
165,6b306c92,2022,False,7,630.0,26.0,8.0,19.0,78.10000000000001,3.0,1.3571428571428572,2.0,1.0,1.0,0.0,28.0,77.0,43.228571428571435,140.0,33.0,38.771428571428565,37.971428571428575,50.0,49.24285714285714,39.91428571428571,57.0,4.0,6.628571428571428,2.0,12.716666666666667,LWWDDWW,False,John Pulskamp,USA,GK,21
166,6b306c92,2022,True,4,398.0,20.0,10.0,12.0,44.0,0.0,1.3,1.0,1.0,0.0,0.0,13.0,43.0,31.025,88.0,12.0,29.1,37.260000000000005,31.0,37.5,43.12,26.0,2.0,16.675,0.0,12.0,DLLLW,False,John Pulskamp,USA,GK,21
167,6b33d86b,2019,False,10,900.0,40.0,11.0,31.0,72.16,1.0,1.04,1.0,1.0,0.0,0.0,57.0,174.0,35.81,261.0,33.0,39.69,37.63,110.0,63.57000000000001,49.64,105.0,2.0,2.5,1.0,11.47,DDDLWDWDWL,False,Eloy Room,CUW,GK,29
168,6b33d86b,2019,True,2,180.0,3.0,3.0,1.0,25.0,0.0,1.0,1.0,1.0,0.0,0.0,5.0,27.0,16.65,33.0,4.0,42.849999999999994,39.45,19.0,67.2,51.0,21.0,2.0,7.7,0.0,11.6,WW,False,Eloy Room,CUW,GK,29
169,6b33d86b,2021,False,12,1080.0,45.0,16.0,30.0,67.84166666666667,2.0,1.2916666666666667,2.0,1.0,0.0,1.0,64.0,180.0,37.925000000000004,253.0,41.0,44.833333333333336,38.916666666666664,105.0,60.275,47.050000000000004,108.0,3.0,1.6499999999999997,9.0,15.258333333333333,LWLLWDWDLWWW,False,Eloy Room,CUW,GK,31
170,6b33d86b,2021,True,18,1620.0,74.0,23.0,52.0,67.66666666666667,5.0,1.3888888888888888,3.0,3.0,0.0,0.0,93.0,252.0,39.599999999999994,415.0,58.0,38.388888888888886,37.09444444444445,155.0,56.62777777777777,45.02777777777778,190.0,8.0,3.8444444444444446,3.0,11.933333333333334,DDWLLWWLDDWDWLLLLL,False,Eloy Room,CUW,GK,31
171,6b33d86b,2022,False,11,990.0,53.0,14.0,40.0,80.46363636363637,2.0,1.3363636363636362,2.0,2.0,0.0,0.0,44.0,141.0,27.09090909090909,228.0,46.0,44.47272727272727,38.4,77.0,46.03636363636363,38.82727272727272,85.0,4.0,3.436363636363636,5.0,12.045454545454545,DDDWDDLDWDL,False,Eloy Room,CUW,GK,33
172,6b33d86b,2022,True,23,2070.0,87.0,22.0,63.0,73.55238095238094,7.0,1.2347826086956522,2.0,1.0,0.0,1.0,99.0,299.0,36.09130434782609,425.0,71.0,42.69565217391305,36.97391304347826,174.0,57.404347826086955,44.643478260869564,196.0,8.0,5.091304347826087,6.0,12.718181818181819,WDWDLLLDWDLLWDDWDWDWDLW,False,Eloy Room,CUW,GK,33
173,73aaa27d,2021,False,7,630.0,39.0,16.0,26.0,68.54285714285714,1.0,2.3285714285714287,3.0,3.0,0.0,0.0,23.0,74.0,28.32857142857143,163.0,42.0,27.52857142857143,30.671428571428574,58.0,45.771428571428565,39.885714285714286,67.0,2.0,4.171428571428572,4.0,10.957142857142857,WLDDLDL,False,Phelipe Megiolaro,BRA,GK,21
174,73aaa27d,2021,True,3,300.0,13.0,3.0,11.0,83.325,0.0,0.85,1.0,1.0,0.0,0.0,13.0,38.0,24.4,90.0,17.0,22.9,27.625,40.0,31.775,30.525,35.0,2.0,4.55,2.0,11.925,LWDLW,False,Phelipe Megiolaro,BRA,GK,21
175,7827a6b3,2018,False,13,1170.0,55.0,18.0,40.0,65.66153846153847,4.0,1.2461538461538462,2.0,2.0,0.0,0.0,64.0,165.0,43.84615384615385,328.0,82.0,38.08461538461539,35.746153846153845,82.0,40.70769230769231,42.2,92.0,10.0,12.807692307692308,8.0,15.8,LWWDWDWLWWDLL,False,Tyler Miller,USA,GK,24
176,7827a6b3,2018,True,21,1890.0,103.0,35.0,72.0,65.9095238095238,6.0,1.565,5.0,3.0,2.0,0.0,88.0,263.0,36.339999999999996,485.0,114.0,36.795,37.455,145.0,51.8,48.3,184.0,12.0,6.725,18.0,14.155000000000001,WWLLWWWDWDLDLWWWDWDLD,False,Tyler Miller,USA,GK,24
177,7827a6b3,2019,False,12,1080.0,45.0,17.0,29.0,57.5,3.0,1.2166666666666668,0.0,0.0,0.0,0.0,69.0,146.0,51.23333333333333,317.0,70.0,35.175000000000004,34.891666666666666,80.0,39.50833333333333,40.15,99.0,11.0,12.666666666666666,18.0,18.675,WWWWDDDDWWWL,False,Tyler Miller,USA,GK,25
178,7827a6b3,2019,True,18,1620.0,60.0,17.0,46.0,78.68125,6.0,0.8999999999999999,2.0,2.0,0.0,0.0,80.0,168.0,51.144444444444446,383.0,102.0,31.79444444444444,33.46666666666667,108.0,40.53888888888889,39.25,125.0,12.0,14.564705882352941,25.0,20.1,WWDWWWWLWDDWWDWWWL,False,Tyler Miller,USA,GK,25
179,7827a6b3,2021,False,15,1350.0,81.0,21.0,64.0,72.92666666666668,5.0,1.48,4.0,3.0,1.0,0.0,107.0,292.0,38.86666666666667,371.0,72.0,55.84,45.99333333333333,108.0,77.86666666666666,59.76,118.0,10.0,8.206666666666667,13.0,15.48,DWLLWWLDLWWDLWD,False,Tyler Miller,USA,GK,27
180,7827a6b3,2021,True,15,1350.0,46.0,13.0,34.0,67.78,6.0,0.9266666666666666,1.0,1.0,0.0,0.0,85.0,221.0,42.43333333333333,316.0,53.0,46.63333333333333,41.21333333333334,111.0,59.32857142857143,50.021428571428565,107.0,8.0,8.326666666666666,19.0,15.913333333333332,WWDDWWDLWWDDWLD,False,Tyler Miller,USA,GK,27
181,7827a6b3,2022,False,0,45.0,4.0,1.0,3.0,75.0,0.0,1.1,0.0,0.0,0.0,0.0,3.0,5.0,60.0,16.0,4.0,18.8,28.3,3.0,66.7,43.3,3.0,0.0,0.0,2.0,24.0,L,False,Tyler Miller,USA,GK,29
182,7827a6b3,2022,True,2,180.0,8.0,2.0,5.0,73.35,0.0,0.8500000000000001,0.0,0.0,0.0,0.0,13.0,30.0,41.9,48.0,17.0,41.0,38.35,14.0,75.0,54.9,26.0,3.0,11.8,4.0,16.25,DD,False,Tyler Miller,USA,GK,29
183,7fd42a85,2018,False,12,1080.0,60.0,28.0,35.0,58.65,2.0,1.7833333333333332,2.0,2.0,0.0,0.0,119.0,286.0,41.90833333333334,313.0,28.0,59.791666666666664,46.083333333333336,107.0,90.05833333333334,63.59166666666667,105.0,6.0,4.6499999999999995,10.0,14.741666666666667,LDDLDLLWWDWL,False,David Bingham,USA,GK,28
184,7fd42a85,2018,True,22,1980.0,110.0,36.0,80.0,71.31363636363636,6.0,1.6454545454545455,6.0,4.0,1.0,1.0,210.0,479.0,45.63636363636363,535.0,83.0,59.777272727272724,45.627272727272725,186.0,81.53636363636363,60.85454545454545,168.0,14.0,5.9714285714285715,13.0,14.076190476190478,WLDWLWLLLLWWLDWDDWWWDW,False,David Bingham,USA,GK,28
185,7fd42a85,2019,False,13,1170.0,78.0,30.0,51.0,65.72307692307692,1.0,2.207692307692308,2.0,2.0,0.0,0.0,118.0,251.0,48.38461538461539,297.0,48.0,53.75384615384615,43.06923076923077,133.0,67.88461538461539,53.87692307692308,122.0,13.0,9.8,9.0,14.058333333333332,LLWDDLLWWWLWL,False,David Bingham,USA,GK,29
186,7fd42a85,2019,True,22,1980.0,115.0,31.0,89.0,79.35454545454546,7.0,1.5363636363636362,6.0,4.0,2.0,0.0,188.0,410.0,46.66818181818182,445.0,91.0,57.209090909090904,44.413636363636364,211.0,72.50909090909092,55.03636363636363,193.0,19.0,9.19090909090909,5.0,12.863636363636363,WLWWWWWDWLLLLWWLWLWLWL,False,David Bingham,USA,GK,29
187,7fd42a85,2022,True,2,180.0,13.0,3.0,10.0,76.4,0.0,1.35,0.0,0.0,0.0,0.0,13.0,52.0,30.700000000000003,55.0,4.0,67.85,51.75,16.0,80.0,62.75,24.0,2.0,9.1,0.0,7.9,DD,False,David Bingham,USA,GK,32
188,86bac87b,2021,False,2,180.0,14.0,5.0,9.0,67.8,0.0,2.2,0.0,0.0,0.0,0.0,5.0,16.0,39.3,52.0,8.0,20.25,28.95,12.0,22.2,28.799999999999997,20.0,1.0,7.15,1.0,16.7,WL,False,Thomas Hasal,CAN,GK,21
189,86bac87b,2021,True,5,450.0,20.0,9.0,12.0,64.76,1.0,1.64,1.0,1.0,0.0,0.0,24.0,64.0,37.94,127.0,30.0,36.720000000000006,35.38,37.0,36.64,34.78,41.0,1.0,1.6600000000000001,3.0,13.86,LWDDD,False,Thomas Hasal,CAN,GK,21
190,86bac87b,2022,False,8,720.0,31.0,10.0,21.0,67.0875,2.0,1.0750000000000002,1.0,0.0,1.0,0.0,35.0,105.0,34.925,102.0,31.0,50.0125,42.4,69.0,71.525,53.5875,93.0,14.0,15.1125,3.0,11.4125,WDLLWWWL,False,Thomas Hasal,CAN,GK,23
191,86bac87b,2022,True,9,789.0,42.0,17.0,26.0,64.21111111111111,3.0,1.511111111111111,2.0,1.0,1.0,0.0,53.0,118.0,44.044444444444444,149.0,33.0,52.900000000000006,42.044444444444444,48.0,71.80000000000001,50.86666666666666,63.0,8.0,9.911111111111111,8.0,15.077777777777776,LDLLWLLLW,False,Thomas Hasal,CAN,GK,23
192,873fdbdf,2018,False,5,450.0,30.0,8.0,23.0,76.56,0.0,1.7399999999999998,1.0,1.0,0.0,0.0,26.0,86.0,29.860000000000003,88.0,24.0,50.760000000000005,42.54,53.0,84.92,60.6,51.0,1.0,2.8600000000000003,5.0,14.12,LDLWL,False,Stefan Cleveland,USA,GK,23
193,873fdbdf,2021,False,2,180.0,4.0,3.0,1.0,25.0,0.0,1.0,0.0,0.0,0.0,0.0,8.0,21.0,38.2,51.0,12.0,31.45,34.15,13.0,38.75,38.2,12.0,1.0,10.0,2.0,13.25,WL,False,Stefan Cleveland,USA,GK,26
194,873fdbdf,2021,True,13,1170.0,39.0,14.0,28.0,74.03333333333333,3.0,1.0615384615384615,3.0,3.0,0.0,0.0,70.0,173.0,46.48461538461538,334.0,88.0,36.59230769230769,34.98461538461539,99.0,47.138461538461534,37.08461538461539,128.0,11.0,9.13076923076923,11.0,14.538461538461538,WDDWWDDWLLLDW,False,Stefan Cleveland,USA,GK,26
195,873fdbdf,2022,False,1,90.0,4.0,2.0,2.0,50.0,0.0,0.9,0.0,0.0,0.0,0.0,3.0,8.0,37.5,17.0,3.0,23.5,27.9,8.0,50.0,41.5,9.0,0.0,0.0,0.0,16.5,D,False,Stefan Cleveland,USA,GK,28
196,873fdbdf,2022,True,6,540.0,32.0,6.0,26.0,79.31666666666666,1.0,1.5833333333333333,0.0,0.0,0.0,0.0,21.0,71.0,32.65,148.0,35.0,34.483333333333334,34.6,59.0,33.75,31.033333333333335,52.0,2.0,3.266666666666667,1.0,12.75,DLLWLL,False,Stefan Cleveland,USA,GK,28
197,8827c189,2022,False,2,180.0,18.0,7.0,12.0,70.1,0.0,3.0,1.0,1.0,0.0,0.0,14.0,41.0,33.45,81.0,12.0,39.150000000000006,35.55,16.0,56.35,49.2,27.0,3.0,11.25,1.0,14.5,LL,False,Rafael Romo,VEN,GK,32
198,8827c189,2022,True,11,1032.0,58.0,26.0,35.0,63.875,2.0,1.741666666666667,3.0,2.0,1.0,0.0,78.0,205.0,36.90833333333333,397.0,62.0,43.35,39.583333333333336,85.0,60.333333333333336,45.69166666666666,81.0,5.0,6.3,11.0,15.799999999999999,WLLLWLDLLWLD,False,Rafael Romo,VEN,GK,32
199,8a37dd84,2018,False,2,180.0,13.0,7.0,7.0,53.55,0.0,2.4,1.0,1.0,0.0,0.0,9.0,38.0,26.200000000000003,48.0,11.0,52.95,44.7,17.0,70.15,54.849999999999994,15.0,1.0,5.0,1.0,15.200000000000001,LL,False,Tyler Deric,USA,GK,29
200,8a37dd84,2019,False,4,360.0,21.0,8.0,13.0,58.35,0.0,1.55,0.0,0.0,0.0,0.0,28.0,84.0,35.45,85.0,15.0,60.925,46.525,44.0,72.3,56.125,34.0,1.0,4.175,6.0,14.775,LLLW,False,Tyler Deric,USA,GK,30
201,8a37dd84,2019,True,3,270.0,13.0,7.0,6.0,37.5,0.0,1.9666666666666668,0.0,0.0,0.0,0.0,11.0,57.0,22.133333333333336,67.0,14.0,53.0,44.699999999999996,30.0,62.199999999999996,51.699999999999996,43.0,8.0,18.166666666666668,1.0,11.966666666666669,LWL,False,Tyler Deric,USA,GK,30
202,8b388dd5,2018,False,1,90.0,3.0,1.0,2.0,66.7,0.0,1.4,0.0,0.0,0.0,0.0,3.0,14.0,21.4,27.0,7.0,44.4,42.8,6.0,33.3,37.2,10.0,0.0,0.0,1.0,15.9,L,False,Chris Seitz,USA,GK,30
203,8b388dd5,2018,True,5,450.0,19.0,8.0,12.0,63.339999999999996,1.0,1.12,2.0,1.0,0.0,1.0,43.0,111.0,39.94,131.0,21.0,62.4,49.0,33.0,81.0,59.35999999999999,52.0,7.0,16.34,5.0,15.0,WLDLD,False,Chris Seitz,USA,GK,30
204,8b388dd5,2019,True,1,90.0,2.0,1.0,2.0,100.0,0.0,1.2,1.0,1.0,0.0,0.0,1.0,13.0,7.7,17.0,2.0,58.8,50.2,3.0,100.0,58.3,8.0,2.0,25.0,0.0,8.0,W,False,Chris Seitz,USA,GK,31
205,8b388dd5,2021,True,4,360.0,16.0,9.0,10.0,41.675,0.0,0.9,0.0,0.0,0.0,0.0,17.0,35.0,58.45,72.0,22.0,41.175,36.8,26.0,28.225,29.075,26.0,0.0,0.0,0.0,12.0,WLLL,False,Chris Seitz,USA,GK,33
206,901408ac,2021,False,9,810.0,45.0,14.0,33.0,61.41111111111112,1.0,1.1666666666666667,0.0,0.0,0.0,0.0,29.0,56.0,57.91111111111112,189.0,45.0,24.188888888888886,29.333333333333332,57.0,17.1,23.944444444444443,81.0,11.0,14.844444444444443,2.0,11.666666666666666,LWWLLWDDD,False,James Pantemis,CAN,GK,23
207,901408ac,2021,True,9,810.0,32.0,13.0,21.0,67.58888888888889,2.0,1.3666666666666667,2.0,2.0,0.0,0.0,23.0,76.0,26.799999999999997,207.0,38.0,27.022222222222222,30.744444444444444,59.0,28.375,28.125,82.0,11.0,13.02222222222222,4.0,12.122222222222222,WDWWWLLLD,False,James Pantemis,CAN,GK,23
208,901408ac,2022,False,8,720.0,23.0,9.0,16.0,69.28571428571429,3.0,0.925,1.0,1.0,0.0,0.0,13.0,49.0,24.7875,147.0,16.0,26.8125,30.4,53.0,15.4875,25.375,48.0,6.0,11.2625,13.0,17.2625,WWLWDWWW,False,James Pantemis,CAN,GK,25
209,901408ac,2022,True,4,360.0,13.0,3.0,10.0,76.66666666666667,2.0,0.55,0.0,0.0,0.0,0.0,8.0,21.0,35.1,57.0,10.0,28.075000000000003,32.55,18.0,28.325,30.275,8.0,1.0,11.1,0.0,11.0,WWDD,False,James Pantemis,CAN,GK,25
210,9110da2b,2022,True,1,135.0,9.0,3.0,6.0,75.0,0.0,1.75,0.0,0.0,0.0,0.0,5.0,9.0,53.55,31.0,2.0,18.35,31.849999999999998,13.0,26.65,32.45,9.0,0.0,0.0,0.0,14.75,LD,False,Matt Bersano,USA,GK,30
211,927c3059,2021,True,3,270.0,10.0,3.0,7.0,80.0,2.0,1.6333333333333335,1.0,0.0,1.0,0.0,20.0,41.0,47.23333333333333,56.0,12.0,42.5,36.46666666666667,33.0,45.63333333333333,37.199999999999996,42.0,2.0,4.1000000000000005,0.0,12.366666666666667,WWL,False,Logan Ketterer,USA,GK,27
212,92823044,2021,True,1,113.0,8.0,5.0,3.0,41.65,0.0,1.3,0.0,0.0,0.0,0.0,5.0,17.0,36.55,30.0,7.0,31.25,33.65,13.0,77.25,54.05,6.0,0.0,0.0,3.0,13.15,LL,False,Hunter Sulte,USA,GK,18
213,977791f4,2018,False,5,450.0,30.0,11.0,20.0,71.17999999999999,1.0,2.2199999999999998,1.0,1.0,0.0,0.0,29.0,84.0,33.38,114.0,30.0,45.12,39.18,53.0,59.9,44.6,51.0,5.0,10.3,1.0,12.24,LLLDL,False,J.T. Marcinkowski,USA,GK,20
214,977791f4,2021,False,12,1080.0,79.0,24.0,57.0,72.21666666666667,2.0,1.9083333333333332,2.0,2.0,0.0,0.0,111.0,215.0,51.53333333333333,305.0,60.0,50.34166666666667,41.266666666666666,93.0,68.85833333333333,48.80833333333334,72.0,5.0,7.0249999999999995,13.0,15.227272727272727,LDLWWLLLWDLW,False,J.T. Marcinkowski,USA,GK,23
215,977791f4,2021,True,21,1890.0,97.0,29.0,72.0,67.20952380952382,3.0,1.3190476190476192,2.0,1.0,1.0,0.0,167.0,361.0,46.46666666666666,553.0,118.0,47.8952380952381,40.1,200.0,50.780952380952385,40.84285714285714,150.0,12.0,15.90952380952381,14.0,14.333333333333334,LWWWLLLLDLLDDDDWDWDDW,False,J.T. Marcinkowski,USA,GK,23
216,977791f4,2022,False,10,900.0,46.0,20.0,28.0,54.58,2.0,1.48,2.0,2.0,0.0,0.0,54.0,140.0,38.32,241.0,51.0,42.93,37.769999999999996,81.0,46.03,37.24,69.0,3.0,3.25,5.0,14.16,LWLWLLDLWD,False,J.T. Marcinkowski,USA,GK,25
217,977791f4,2022,True,23,2025.0,126.0,46.0,84.0,65.85217391304347,2.0,1.8695652173913044,4.0,4.0,0.0,0.0,131.0,310.0,42.42173913043479,570.0,131.0,38.78260869565217,37.32608695652174,159.0,51.6,41.60454545454545,149.0,15.0,8.295652173913044,17.0,14.01304347826087,LDLLDLDWLWDWDLDLWDWLLDL,False,J.T. Marcinkowski,USA,GK,25
218,9792574e,2022,True,2,225.0,11.0,4.0,8.0,75.0,0.0,1.0666666666666667,1.0,1.0,0.0,0.0,22.0,46.0,48.13333333333333,47.0,18.0,49.199999999999996,40.86666666666667,29.0,88.89999999999999,60.26666666666667,28.0,1.0,2.1,0.0,10.566666666666666,DDL,False,Isaac Boehmer,USA,GK,20
219,9903a3cb,2018,False,7,630.0,43.0,13.0,32.0,75.24285714285715,2.0,1.8,1.0,1.0,0.0,0.0,60.0,135.0,47.471428571428575,149.0,27.0,64.25714285714285,50.24285714285714,45.0,95.32857142857142,64.84285714285714,44.0,4.0,12.566666666666668,9.0,16.728571428571428,WDDLLWL,False,Brad Knighton,USA,GK,32
220,9903a3cb,2019,False,1,90.0,6.0,2.0,4.0,66.7,0.0,1.7,0.0,0.0,0.0,0.0,7.0,21.0,33.3,27.0,4.0,59.3,50.9,8.0,62.5,49.1,12.0,0.0,0.0,1.0,13.0,D,False,Brad Knighton,USA,GK,33
221,9903a3cb,2019,True,6,573.0,23.0,11.0,13.0,55.957142857142856,0.0,1.3285714285714287,2.0,1.0,1.0,0.0,44.0,109.0,41.857142857142854,119.0,29.0,63.957142857142856,49.385714285714286,48.0,68.7,50.37142857142857,52.0,7.0,27.400000000000002,5.0,17.071428571428573,DLLLDWD,False,Brad Knighton,USA,GK,33
222,9903a3cb,2021,False,1,90.0,8.0,0.0,8.0,100.0,1.0,0.2,0.0,0.0,0.0,0.0,10.0,18.0,55.6,15.0,2.0,86.7,52.6,6.0,83.3,52.3,24.0,0.0,0.0,0.0,13.0,W,False,Brad Knighton,USA,GK,35
223,9903a3cb,2021,True,5,450.0,20.0,6.0,14.0,73.08,2.0,0.9400000000000001,0.0,0.0,0.0,0.0,33.0,85.0,44.86,99.0,26.0,56.64000000000001,46.58,44.0,64.66,51.8,50.0,2.0,5.159999999999999,3.0,13.1,LWWWW,False,Brad Knighton,USA,GK,35
224,9903a3cb,2022,True,4,360.0,20.0,8.0,13.0,57.075,0.0,1.5499999999999998,0.0,0.0,0.0,0.0,10.0,25.0,30.0,70.0,23.0,24.525,32.95,23.0,30.65,37.775,24.0,2.0,5.625,2.0,12.475,LLWL,False,Brad Knighton,USA,GK,37
225,a71768a2,2022,False,1,90.0,5.0,1.0,4.0,80.0,0.0,0.9,0.0,0.0,0.0,0.0,4.0,15.0,26.7,24.0,4.0,37.5,33.2,10.0,60.0,42.6,6.0,0.0,0.0,1.0,13.3,D,False,Christopher Brady,USA,GK,18
226,aa133046,2019,True,7,630.0,42.0,17.0,26.0,62.74285714285714,1.0,2.357142857142857,2.0,2.0,0.0,0.0,39.0,89.0,48.285714285714285,132.0,39.0,41.51428571428572,38.75714285714286,52.0,69.24285714285715,50.528571428571425,47.0,1.0,3.5714285714285716,12.0,16.4,WLLWLDL,False,Cody Cropper,USA,GK,25
227,aa133046,2021,True,1,90.0,10.0,5.0,6.0,50.0,0.0,3.4,0.0,0.0,0.0,0.0,2.0,10.0,20.0,26.0,7.0,26.9,31.2,8.0,37.5,36.0,11.0,0.0,0.0,1.0,17.0,L,False,Cody Cropper,USA,GK,27
228,aa133046,2022,False,2,180.0,10.0,8.0,4.0,41.65,0.0,3.2,2.0,2.0,0.0,0.0,3.0,13.0,21.45,21.0,5.0,34.15,33.35,15.0,45.0,38.05,8.0,0.0,0.0,0.0,8.5,LL,False,Cody Cropper,USA,GK,29
229,aa133046,2022,True,12,1056.0,39.0,16.0,23.0,71.39166666666667,5.0,1.123076923076923,1.0,1.0,0.0,0.0,60.0,151.0,39.56923076923077,159.0,38.0,46.0,39.96153846153846,111.0,71.02307692307691,49.34615384615385,119.0,6.0,5.699999999999999,0.0,10.492307692307692,WDWWWLWDWLDDW,False,Cody Cropper,USA,GK,29
230,aa28a396,2018,False,11,990.0,50.0,19.0,34.0,68.93636363636364,0.0,1.7,3.0,3.0,0.0,0.0,68.0,188.0,36.89090909090909,228.0,75.0,43.54545454545455,37.97272727272727,100.0,87.83636363636364,61.154545454545456,105.0,9.0,7.245454545454546,11.0,15.719999999999999,DLDWWLWLLLW,False,Alex Bono,USA,GK,23
231,aa28a396,2018,True,16,1440.0,78.0,26.0,54.0,69.5125,3.0,1.36875,3.0,2.0,1.0,0.0,93.0,292.0,33.918749999999996,455.0,84.0,45.29375,38.43125,124.0,62.4625,51.7625,112.0,11.0,9.7125,19.0,15.53125,LLDWLLWDWDLLDLWW,False,Alex Bono,USA,GK,23
232,aa28a396,2019,False,0,16.0,2.0,1.0,1.0,50.0,0.0,0.8,0.0,0.0,0.0,0.0,0.0,7.0,0.0,6.0,0.0,83.3,70.8,2.0,100.0,69.5,3.0,0.0,0.0,0.0,3.5,D,False,Alex Bono,USA,GK,24
233,aa28a396,2019,True,6,540.0,20.0,10.0,13.0,67.21666666666667,1.0,1.866666666666667,3.0,3.0,0.0,0.0,24.0,68.0,39.916666666666664,114.0,30.0,38.03333333333333,34.15,42.0,58.61666666666667,46.88333333333333,41.0,5.0,13.049999999999999,7.0,17.25,WWWDWL,False,Alex Bono,USA,GK,24
234,aa28a396,2021,False,7,630.0,31.0,10.0,23.0,76.42857142857143,1.0,1.2,1.0,1.0,0.0,0.0,27.0,119.0,22.2,174.0,31.0,48.55714285714286,39.01428571428572,56.0,49.48571428571428,42.84285714285714,67.0,3.0,3.442857142857143,5.0,16.742857142857144,LWDWWLL,False,Alex Bono,USA,GK,26
235,aa28a396,2021,True,17,1530.0,88.0,34.0,59.0,61.95294117647059,1.0,1.8647058823529412,4.0,4.0,0.0,0.0,95.0,309.0,31.452941176470592,406.0,82.0,49.976470588235294,40.411764705882355,165.0,55.858823529411765,45.45882352941176,176.0,13.0,10.635294117647058,12.0,13.794117647058824,LDLWDLLLLWDDWDLDL,False,Alex Bono,USA,GK,26
236,aa28a396,2022,False,6,540.0,25.0,11.0,14.0,57.21666666666667,1.0,1.1500000000000001,0.0,0.0,0.0,0.0,27.0,54.0,51.68333333333334,140.0,39.0,29.533333333333335,31.03333333333333,33.0,34.550000000000004,31.25,37.0,4.0,14.316666666666668,10.0,16.3,WDLWDL,False,Alex Bono,USA,GK,28
237,aa28a396,2022,True,18,1620.0,99.0,31.0,70.0,68.98333333333333,2.0,1.9000000000000001,2.0,2.0,0.0,0.0,89.0,327.0,28.81666666666667,500.0,120.0,45.71666666666667,38.083333333333336,190.0,50.55,41.90555555555556,188.0,7.0,4.294444444444444,22.0,15.649999999999999,DLLWWDWLLLLLDLLWDW,False,Alex Bono,USA,GK,28
238,b3b21a11,2018,False,13,1170.0,50.0,19.0,35.0,71.95384615384616,5.0,1.1923076923076923,3.0,3.0,0.0,0.0,111.0,211.0,53.8,290.0,86.0,44.353846153846156,38.15384615384615,100.0,76.58461538461539,57.73846153846154,85.0,13.0,14.86923076923077,5.0,13.653846153846153,LWWWWDLWDWLLL,False,Andre Blake,JAM,GK,27
239,b3b21a11,2018,True,21,1890.0,110.0,34.0,81.0,71.05499999999999,5.0,1.6476190476190478,5.0,5.0,0.0,0.0,156.0,343.0,48.18571428571428,478.0,113.0,47.37142857142857,39.99523809523809,151.0,73.39047619047619,54.2952380952381,153.0,15.0,10.838095238095239,14.0,15.314285714285715,WDLDLLWLLWWDWLLWLLWLW,False,Andre Blake,JAM,GK,27
240,b3b21a11,2019,False,12,1110.0,49.0,19.0,32.0,59.125,0.0,1.3333333333333333,1.0,1.0,0.0,0.0,81.0,173.0,45.75833333333333,270.0,67.0,43.300000000000004,37.21666666666667,86.0,67.55,50.775,94.0,2.0,2.225,11.0,14.075000000000001,WWLWWDLWLLWL,True,Andre Blake,JAM,GK,28
241,b3b21a11,2019,True,16,1403.0,56.0,27.0,32.0,59.81875,4.0,1.1375,3.0,2.0,1.0,0.0,76.0,200.0,38.14375,296.0,79.0,43.2125,37.63125,109.0,62.2875,49.6375,124.0,8.0,7.96875,6.0,14.46875,LLDWWLWDLDWWDLWL,True,Andre Blake,JAM,GK,28
242,b3b21a11,2021,False,12,1140.0,39.0,11.0,29.0,80.28333333333333,5.0,1.1333333333333333,2.0,1.0,1.0,0.0,58.0,178.0,32.391666666666666,248.0,58.0,45.041666666666664,40.43333333333333,80.0,77.78333333333333,55.53333333333333,100.0,11.0,9.808333333333334,3.0,13.108333333333334,DLWWDWLWWDWD,True,Andre Blake,JAM,GK,30
243,b3b21a11,2021,True,16,1440.0,59.0,14.0,47.0,76.09333333333333,8.0,1.09375,2.0,0.0,2.0,0.0,126.0,307.0,40.66875,326.0,64.0,55.575,44.0125,150.0,79.55625,57.83125,153.0,15.0,9.5,4.0,13.626666666666667,DLLWDWWWDWDLDWLW,True,Andre Blake,JAM,GK,30
244,b3b21a11,2022,False,10,900.0,34.0,8.0,27.0,77.30000000000001,5.0,1.15,1.0,1.0,0.0,0.0,41.0,124.0,35.18,191.0,39.0,36.9,35.519999999999996,74.0,56.370000000000005,46.95,88.0,6.0,8.48,2.0,9.99,WLWWWWWDLW,True,Andre Blake,JAM,GK,31
245,b3b21a11,2022,True,24,2160.0,88.0,18.0,72.0,87.36666666666667,10.0,0.9249999999999999,4.0,3.0,1.0,0.0,152.0,395.0,40.579166666666666,481.0,89.0,49.19583333333333,40.025,210.0,73.53750000000001,52.791666666666664,232.0,19.0,7.8500000000000005,18.0,13.1625,DWWWWWLDDDDDWDDWLDWWWWWL,True,Andre Blake,JAM,GK,31
246,b57454c7,2021,False,2,180.0,12.0,4.0,9.0,66.7,0.0,1.4,1.0,0.0,0.0,1.0,7.0,14.0,52.2,39.0,15.0,26.75,30.450000000000003,15.0,25.9,34.25,10.0,1.0,8.35,1.0,12.35,DL,False,Marko Mari?,CRO,GK,25
247,b57454c7,2021,True,20,1800.0,90.0,30.0,61.0,66.60526315789474,3.0,1.4300000000000002,1.0,1.0,0.0,0.0,74.0,255.0,30.330000000000002,317.0,84.0,47.589999999999996,40.964999999999996,195.0,51.625,43.315,174.0,7.0,4.415000000000001,8.0,14.063157894736841,WLDDWLWLDDDDLDDDLLLL,False,Marko Mari?,CRO,GK,25
248,b76e1394,2021,False,13,1170.0,53.0,22.0,33.0,52.56153846153846,3.0,1.4923076923076921,2.0,1.0,1.0,0.0,57.0,111.0,47.88333333333333,221.0,48.0,38.15384615384615,33.62307692307692,77.0,27.684615384615384,28.984615384615385,102.0,9.0,8.215384615384615,7.0,13.923076923076923,DLLLDWWDDLDWL,True,Pedro Gallese,PER,GK,30
249,b76e1394,2021,True,10,900.0,48.0,11.0,38.0,84.71111111111111,4.0,1.1800000000000002,1.0,1.0,0.0,0.0,40.0,111.0,36.730000000000004,200.0,49.0,37.81,34.980000000000004,104.0,33.22,32.37,92.0,4.0,4.2,4.0,12.7,DDWDWWLDWL,True,Pedro Gallese,PER,GK,30
250,b76e1394,2022,False,10,900.0,30.0,14.0,17.0,51.83,2.0,1.1099999999999999,2.0,2.0,0.0,0.0,53.0,112.0,50.489999999999995,170.0,31.0,46.14,36.33,80.0,39.31,35.489999999999995,76.0,6.0,5.8100000000000005,3.0,12.88,WWWWLWLLWL,False,Pedro Gallese,PER,GK,32
251,b76e1394,2022,True,23,2070.0,93.0,35.0,60.0,66.90454545454546,7.0,1.4130434782608696,3.0,3.0,0.0,0.0,95.0,204.0,44.97727272727273,376.0,61.0,34.60434782608696,32.28695652173913,176.0,38.76086956521739,33.23913043478261,204.0,14.0,6.139130434782608,13.0,14.6,WDLWLWWLWLWDLDWLLWDDLLL,False,Pedro Gallese,PER,GK,32
252,bf8e9c98,2019,False,1,90.0,9.0,6.0,3.0,33.3,0.0,4.1,0.0,0.0,0.0,0.0,5.0,15.0,33.3,22.0,5.0,45.5,42.8,6.0,83.3,53.8,8.0,0.0,0.0,1.0,13.6,L,False,Eric Dick,USA,GK,24
253,c1205184,2018,False,2,180.0,16.0,6.0,10.0,62.5,0.0,2.0999999999999996,0.0,0.0,0.0,0.0,13.0,25.0,62.5,39.0,9.0,32.35,31.05,15.0,71.45,52.95,5.0,1.0,12.5,1.0,13.9,LL,False,Clint Irwin,USA,GK,28
254,c1205184,2018,True,5,450.0,29.0,13.0,17.0,61.660000000000004,0.0,2.04,1.0,1.0,0.0,0.0,31.0,61.0,46.660000000000004,112.0,29.0,30.54,32.2,34.0,73.78,49.82,31.0,3.0,10.559999999999999,6.0,17.4,WLLLL,False,Clint Irwin,USA,GK,28
255,c1205184,2019,False,7,675.0,35.0,12.0,25.0,63.3,1.0,1.375,3.0,2.0,1.0,0.0,60.0,136.0,43.925,131.0,29.0,60.1375,46.225,74.0,79.175,56.9625,62.0,4.0,9.299999999999999,3.0,12.8,WWLDWWLW,False,Clint Irwin,USA,GK,29
256,c1205184,2019,True,2,226.0,14.0,5.0,10.0,61.1,0.0,1.2333333333333334,0.0,0.0,0.0,0.0,26.0,71.0,35.53333333333333,55.0,5.0,80.33333333333333,58.53333333333334,30.0,96.96666666666665,66.16666666666667,21.0,2.0,11.1,0.0,13.533333333333331,DLL,False,Clint Irwin,USA,GK,29
257,c1205184,2021,False,1,90.0,6.0,3.0,3.0,50.0,0.0,0.8,0.0,0.0,0.0,0.0,1.0,5.0,20.0,22.0,5.0,18.2,25.8,5.0,20.0,22.0,9.0,1.0,11.1,0.0,11.5,L,False,Clint Irwin,USA,GK,31
258,c164335e,2018,False,13,1170.0,51.0,19.0,34.0,59.361538461538466,1.0,1.4692307692307693,3.0,2.0,1.0,0.0,66.0,192.0,36.07692307692308,372.0,54.0,40.0,36.684615384615384,80.0,53.49230769230769,46.146153846153844,98.0,9.0,9.36923076923077,9.0,16.583333333333332,LDLLDDWLLWWLL,False,Sean Johnson,USA,GK,28
259,c164335e,2018,True,22,1980.0,97.0,27.0,71.0,71.46190476190476,9.0,1.2428571428571427,1.0,0.0,0.0,1.0,126.0,351.0,36.68095238095238,708.0,86.0,38.75714285714285,36.66190476190476,155.0,53.61904761904762,45.00476190476191,162.0,14.0,9.214285714285714,10.0,14.885714285714286,WWWDWWDLWLDWLWDWLWWWWL,False,Sean Johnson,USA,GK,28
260,c164335e,2019,False,14,1260.0,64.0,19.0,50.0,72.17857142857143,1.0,1.5214285714285716,7.0,5.0,2.0,0.0,93.0,220.0,42.542857142857144,462.0,73.0,29.12857142857143,33.68571428571429,143.0,56.357142857142854,46.885714285714286,134.0,10.0,8.785714285714286,7.0,15.021428571428572,LWLWWWWDWDWLWL,False,Sean Johnson,USA,GK,29
261,c164335e,2019,True,16,1440.0,43.0,19.0,30.0,65.54285714285714,6.0,1.1266666666666665,4.0,4.0,0.0,0.0,82.0,225.0,38.96,407.0,53.0,40.24,37.413333333333334,129.0,52.20666666666667,42.913333333333334,110.0,8.0,6.526666666666667,8.0,14.42,DDDLDDWWDWWDDLWW,False,Sean Johnson,USA,GK,29
262,c164335e,2021,False,19,1770.0,77.0,21.0,57.0,76.55263157894737,5.0,1.1578947368421053,1.0,1.0,0.0,0.0,110.0,249.0,44.71578947368421,450.0,101.0,34.652631578947364,34.71052631578947,161.0,56.81578947368421,44.18421052631579,191.0,14.0,6.036842105263158,10.0,13.073684210526316,WLLDWDLLDLDWWWDWDWD,False,Sean Johnson,USA,GK,31
263,c164335e,2021,True,14,1260.0,50.0,14.0,36.0,72.43846153846154,5.0,1.0142857142857145,0.0,0.0,0.0,0.0,47.0,117.0,44.292857142857144,303.0,61.0,27.099999999999998,31.635714285714283,95.0,34.05,31.214285714285715,126.0,8.0,6.478571428571429,8.0,13.049999999999999,LWWDDLWLWWDDWL,False,Sean Johnson,USA,GK,31
264,c164335e,2022,False,11,990.0,33.0,17.0,18.0,38.333333333333336,2.0,1.2454545454545454,1.0,1.0,0.0,0.0,42.0,130.0,36.46363636363637,295.0,38.0,31.018181818181816,34.02727272727273,73.0,49.4,40.8,85.0,3.0,3.2181818181818183,6.0,14.181818181818182,LLWLLLDLWWW,True,Sean Johnson,USA,GK,33
265,c164335e,2022,True,23,2070.0,84.0,24.0,60.0,74.63333333333333,12.0,1.1260869565217393,0.0,0.0,0.0,0.0,127.0,296.0,47.12173913043478,783.0,123.0,28.3,31.956521739130434,157.0,53.18260869565218,41.07826086956521,181.0,12.0,7.07391304347826,6.0,11.995652173913042,LDWLLWWWDWWWWDLDDWWWWDL,True,Sean Johnson,USA,GK,33
266,c3a86eea,2021,False,11,990.0,57.0,18.0,40.0,63.7,1.0,1.3181818181818181,3.0,2.0,0.0,1.0,60.0,109.0,57.07272727272727,315.0,61.0,20.572727272727274,27.99090909090909,94.0,37.90909090909091,33.22727272727273,87.0,7.0,9.263636363636364,11.0,15.2,DDLLDWWDLDD,False,Jonathan Bond,ENG,GK,27
267,c3a86eea,2021,True,20,1800.0,108.0,32.0,79.0,71.53999999999999,3.0,1.535,3.0,3.0,0.0,0.0,104.0,222.0,47.125,637.0,99.0,25.82,30.064999999999998,139.0,43.29,36.769999999999996,181.0,9.0,4.985,16.0,13.995,WWLWWLWLWWLWLDLWWDLL,False,Jonathan Bond,ENG,GK,27
268,c3a86eea,2022,False,12,1080.0,50.0,19.0,34.0,65.75,1.0,1.4333333333333333,4.0,4.0,0.0,0.0,77.0,164.0,45.76666666666667,363.0,67.0,32.24166666666667,30.983333333333334,76.0,55.041666666666664,41.86666666666667,104.0,7.0,7.166666666666667,16.0,16.7,WDWDDDLWWDWW,False,Jonathan Bond,ENG,GK,29
269,c3a86eea,2022,True,23,2070.0,90.0,32.0,60.0,68.89999999999999,7.0,1.2913043478260868,3.0,2.0,1.0,0.0,121.0,283.0,41.856521739130436,629.0,119.0,29.030434782608697,31.17391304347826,158.0,51.0,40.91304347826087,177.0,12.0,7.765217391304348,30.0,17.130434782608695,WWLLWWDWLWLDLWDLWLLLWLL,False,Jonathan Bond,ENG,GK,29
270,c3e50b67,2018,False,6,540.0,34.0,14.0,20.0,56.583333333333336,0.0,1.9833333333333334,0.0,0.0,0.0,0.0,36.0,79.0,44.28333333333333,104.0,26.0,37.016666666666666,36.48333333333333,69.0,60.1,48.96666666666667,63.0,4.0,5.966666666666666,3.0,12.716666666666667,LLDLLL,False,Joe Bendik,USA,GK,28
271,c3e50b67,2018,True,18,1679.0,97.0,44.0,60.0,54.55263157894737,1.0,1.8473684210526315,6.0,5.0,1.0,0.0,97.0,288.0,36.03684210526316,402.0,82.0,48.294736842105266,42.1,136.0,61.96315789473684,51.76842105263158,152.0,8.0,4.584210526315789,13.0,14.86315789473684,DLLWWWWWWLLLLLLLLLL,False,Joe Bendik,USA,GK,28
272,c3e50b67,2019,True,6,540.0,25.0,12.0,13.0,47.65,0.0,1.45,1.0,1.0,0.0,0.0,21.0,68.0,34.13333333333333,116.0,22.0,38.583333333333336,38.43333333333333,52.0,37.800000000000004,44.23333333333333,40.0,4.0,14.049999999999999,2.0,13.483333333333334,LLLLLD,False,Joe Bendik,USA,GK,29
273,c3e50b67,2021,False,1,90.0,3.0,1.0,2.0,66.7,0.0,1.3,0.0,0.0,0.0,0.0,9.0,22.0,40.9,30.0,6.0,46.7,43.1,9.0,88.9,65.1,11.0,1.0,9.1,1.0,18.2,L,False,Joe Bendik,USA,GK,31
274,c3e50b67,2021,True,1,122.0,3.0,2.0,2.0,100.0,0.0,1.2,2.0,2.0,0.0,0.0,7.0,23.0,21.9,18.0,0.0,72.3,53.85,10.0,91.65,70.65,8.0,1.0,25.0,0.0,8.75,DW,False,Joe Bendik,USA,GK,31
275,c4173f1a,2019,False,13,1170.0,76.0,15.0,62.0,81.79230769230769,4.0,1.5538461538461539,1.0,1.0,0.0,0.0,82.0,228.0,38.246153846153845,303.0,89.0,45.146153846153844,39.38461538461539,119.0,67.93846153846154,52.00769230769231,117.0,5.0,3.276923076923077,9.0,13.63076923076923,WLWDLWLWDWDLL,False,Vito Mannone,ITA,GK,30
276,c4173f1a,2019,True,22,1980.0,99.0,30.0,70.0,71.41428571428571,7.0,1.1863636363636365,3.0,2.0,1.0,0.0,124.0,394.0,32.768181818181816,492.0,93.0,48.82727272727273,40.75454545454546,204.0,77.65454545454546,56.47727272727273,210.0,11.0,4.1863636363636365,13.0,15.276190476190477,WWLLWDLDWDLWWLLLWWWWDD,False,Vito Mannone,ITA,GK,30
277,c444465e,2018,False,13,1170.0,73.0,27.0,48.0,69.07692307692308,2.0,1.830769230769231,2.0,2.0,0.0,0.0,67.0,156.0,40.353846153846156,302.0,89.0,32.88461538461539,34.97692307692308,116.0,48.55384615384616,44.715384615384615,126.0,6.0,5.761538461538462,5.0,11.376923076923077,WWDLLLLLLLWDW,False,Tim Howard,USA,GK,38
278,c444465e,2018,True,20,1729.0,98.0,31.0,70.0,64.55499999999999,4.0,1.625,1.0,1.0,0.0,0.0,118.0,300.0,37.905,406.0,119.0,41.595,39.235,201.0,66.96000000000001,54.625,172.0,8.0,5.421052631578948,11.0,13.173684210526314,LDWDWLLLLLLLDWWLLDDL,False,Tim Howard,USA,GK,38
279,c444465e,2019,False,5,405.0,17.0,6.0,13.0,64.0,2.0,0.9400000000000001,1.0,1.0,0.0,0.0,37.0,107.0,36.86,86.0,18.0,61.08,45.08,63.0,86.62,58.620000000000005,46.0,3.0,9.58,1.0,13.180000000000001,WLWWL,False,Tim Howard,USA,GK,39
280,c444465e,2019,True,20,1754.0,87.0,40.0,55.0,59.21,3.0,1.6,5.0,4.0,1.0,0.0,161.0,415.0,38.08,418.0,89.0,58.475,46.894999999999996,205.0,80.735,57.864999999999995,174.0,10.0,6.0736842105263165,10.0,13.395,DLDLLLLLLLLWWWWDWLDL,False,Tim Howard,USA,GK,39
281,c4d9567d,2022,False,8,720.0,35.0,13.0,21.0,58.55,1.0,1.525,0.0,0.0,0.0,0.0,38.0,117.0,33.975,205.0,41.0,38.375,35.3,71.0,46.95,37.375,70.0,4.0,4.5625,4.0,10.7125,WWLWWWWL,False,Drake Callender,USA,GK,25
282,c4d9567d,2022,True,16,1440.0,77.0,24.0,56.0,67.1,3.0,1.475,3.0,2.0,0.0,1.0,74.0,206.0,39.35625,397.0,94.0,39.0125,35.38125,123.0,39.8125,37.1,129.0,12.0,9.237499999999999,6.0,10.5,LLDDWWLWDLLWLDWD,False,Drake Callender,USA,GK,25
283,c5487a34,2018,False,8,720.0,44.0,20.0,24.0,54.35,0.0,1.975,0.0,0.0,0.0,0.0,55.0,122.0,47.475,178.0,40.0,42.3625,39.2375,66.0,69.975,53.35,91.0,5.0,5.425,3.0,13.0875,WLDLWLLL,False,Andrew Tarbell,USA,GK,24
284,c5487a34,2018,True,21,1890.0,102.0,40.0,63.0,51.280952380952385,1.0,1.6333333333333333,2.0,1.0,1.0,0.0,144.0,413.0,34.27619047619047,433.0,85.0,54.56666666666667,44.32380952380952,216.0,78.8,58.4952380952381,196.0,17.0,8.514285714285714,7.0,13.928571428571429,WLLDDLLLWDLLLLDDDLLLD,False,Andrew Tarbell,USA,GK,24
285,c5487a34,2021,False,1,90.0,5.0,3.0,2.0,40.0,0.0,1.8,0.0,0.0,0.0,0.0,5.0,21.0,23.8,35.0,3.0,48.6,42.2,7.0,57.1,53.0,12.0,2.0,16.7,4.0,19.9,L,False,Andrew Tarbell,USA,GK,27
286,c5487a34,2022,True,3,352.0,22.0,7.0,15.0,72.025,0.0,1.15,0.0,0.0,0.0,0.0,13.0,33.0,38.725,157.0,27.0,14.325,25.725,28.0,37.3,36.8,24.0,4.0,13.85,3.0,13.675,WLLL,False,Andrew Tarbell,USA,GK,29
287,c55a846e,2021,False,10,900.0,53.0,16.0,39.0,74.99,3.0,1.49,2.0,1.0,1.0,0.0,55.0,109.0,52.7,213.0,50.0,41.3,36.589999999999996,75.0,30.869999999999997,30.9,125.0,13.0,12.72,4.0,11.860000000000001,LLDWLDWWLL,False,Gaga Slonina,USA,GK,16
288,c55a846e,2021,True,1,90.0,4.0,0.0,4.0,100.0,1.0,0.7,0.0,0.0,0.0,0.0,9.0,17.0,52.9,23.0,6.0,52.2,39.2,6.0,83.3,55.2,9.0,0.0,0.0,0.0,8.7,D,False,Gaga Slonina,USA,GK,16
289,c55a846e,2022,False,8,720.0,46.0,15.0,31.0,68.6625,2.0,1.9125,1.0,1.0,0.0,0.0,61.0,126.0,49.3625,175.0,29.0,55.550000000000004,41.1,56.0,52.45,40.425,68.0,2.0,2.0125,7.0,15.8375,LLLDDWLL,False,Gaga Slonina,USA,GK,18
290,c55a846e,2022,True,24,2160.0,74.0,30.0,48.0,69.26190476190476,10.0,1.2333333333333334,4.0,4.0,0.0,0.0,143.0,355.0,41.34583333333333,500.0,87.0,46.8125,39.225,185.0,62.0875,45.125,200.0,13.0,6.0,9.0,13.870833333333332,DDWWDLDLLLLDLLWLWLLWWWDW,False,Gaga Slonina,USA,GK,18
291,c7e14787,2022,True,0,46.0,4.0,3.0,2.0,50.0,0.0,2.1,1.0,1.0,0.0,0.0,1.0,1.0,100.0,7.0,4.0,14.3,21.3,2.0,0.0,7.5,3.0,0.0,0.0,0.0,7.7,L,False,Abraham Rodriguez,USA,GK,20
292,ca1c6f3d,2018,False,3,270.0,8.0,5.0,3.0,44.43333333333334,1.0,1.0333333333333334,0.0,0.0,0.0,0.0,14.0,37.0,28.433333333333334,58.0,19.0,39.233333333333334,36.96666666666667,21.0,51.666666666666664,46.06666666666666,20.0,3.0,15.866666666666665,0.0,11.6,WDL,False,Jimmy Maurer,USA,GK,29
293,ca1c6f3d,2018,True,10,900.0,40.0,11.0,32.0,79.63333333333334,3.0,1.34,2.0,2.0,0.0,0.0,54.0,136.0,40.68,231.0,52.0,41.37,39.1,79.0,49.37,44.22,73.0,5.0,5.99,3.0,14.39,DWDDWWLDWD,False,Jimmy Maurer,USA,GK,29
294,ca1c6f3d,2019,True,2,180.0,11.0,4.0,7.0,60.7,0.0,2.0,1.0,0.0,1.0,0.0,8.0,19.0,41.1,38.0,10.0,25.85,33.8,23.0,41.55,39.05,31.0,0.0,0.0,0.0,13.2,LD,False,Jimmy Maurer,USA,GK,30
295,ca1c6f3d,2021,False,7,630.0,34.0,12.0,25.0,72.5,0.0,1.5571428571428572,3.0,3.0,0.0,0.0,26.0,65.0,39.25714285714286,162.0,30.0,29.17142857142857,31.685714285714287,59.0,28.62857142857143,31.300000000000004,69.0,2.0,4.1571428571428575,6.0,14.385714285714284,DLLDLWD,False,Jimmy Maurer,USA,GK,32
296,ca1c6f3d,2021,True,17,1500.0,72.0,25.0,48.0,59.252941176470586,3.0,1.576470588235294,3.0,1.0,2.0,0.0,61.0,135.0,45.55294117647059,357.0,61.0,27.458823529411767,30.658823529411766,134.0,20.25294117647059,27.99411764705882,144.0,6.0,5.0,7.0,13.276470588235293,DLDLDLWDLLLWWDWLL,False,Jimmy Maurer,USA,GK,32
297,ca1c6f3d,2022,True,2,180.0,7.0,3.0,4.0,65.0,0.0,0.8500000000000001,1.0,1.0,0.0,0.0,6.0,28.0,21.65,51.0,6.0,44.05,39.400000000000006,13.0,36.9,34.3,25.0,1.0,3.85,1.0,13.75,WL,False,Jimmy Maurer,USA,GK,34
298,cc741f50,2018,False,17,1530.0,66.0,16.0,54.0,78.51764705882353,7.0,1.03125,4.0,3.0,1.0,0.0,76.0,188.0,43.93125,380.0,59.0,33.45,34.78125,103.0,57.09375,47.1625,110.0,4.0,2.94375,13.0,14.725,WWWWLWWLDDWWWDWDL,False,Tim Melia,USA,GK,31
299,cc741f50,2018,True,21,1890.0,90.0,30.0,62.0,66.8,7.0,1.2952380952380953,4.0,2.0,2.0,0.0,98.0,233.0,46.766666666666666,584.0,112.0,28.70952380952381,32.65714285714286,149.0,37.05238095238095,37.214285714285715,133.0,11.0,9.338095238095239,13.0,15.923809523809522,LWWDWWDWLWWDDWDWLLDLL,False,Tim Melia,USA,GK,31
300,cc741f50,2019,False,11,990.0,62.0,22.0,41.0,68.87272727272727,2.0,1.9181818181818182,2.0,1.0,1.0,0.0,51.0,133.0,40.345454545454544,213.0,54.0,35.763636363636365,35.42727272727273,88.0,54.93636363636363,46.36363636363637,115.0,11.0,10.581818181818182,9.0,14.672727272727274,WLLWWWLLLLD,False,Tim Melia,USA,GK,32
301,cc741f50,2019,True,21,1890.0,104.0,38.0,66.0,66.49047619047619,4.0,1.5428571428571427,2.0,0.0,2.0,0.0,101.0,253.0,40.09047619047619,599.0,108.0,31.685714285714283,34.38095238095238,152.0,38.67619047619048,39.08571428571428,152.0,10.0,5.795238095238095,15.0,15.314285714285715,LWDWDLDLLDWLDDWLLWWLL,False,Tim Melia,USA,GK,32
302,cc741f50,2021,False,15,1350.0,56.0,22.0,37.0,60.621428571428574,3.0,1.5799999999999998,3.0,3.0,0.0,0.0,63.0,173.0,39.55333333333333,395.0,61.0,34.766666666666666,35.193333333333335,110.0,34.82,34.693333333333335,137.0,16.0,10.82,14.0,15.606666666666666,DDLWWLWWLWLLLWL,False,Tim Melia,USA,GK,34
303,cc741f50,2021,True,15,1350.0,49.0,14.0,34.0,63.78,4.0,1.0799999999999998,0.0,0.0,0.0,0.0,62.0,145.0,46.90714285714286,415.0,62.0,23.253333333333334,31.02,108.0,31.69333333333333,35.29333333333333,100.0,7.0,6.5,7.0,13.96,WWWDLWWWDWLWDWD,False,Tim Melia,USA,GK,34
304,cc741f50,2022,True,21,1852.0,78.0,34.0,46.0,62.5,4.0,1.3428571428571427,3.0,2.0,1.0,0.0,100.0,260.0,40.16190476190476,448.0,77.0,38.871428571428574,37.75238095238095,155.0,43.00952380952381,38.10476190476191,158.0,7.0,3.342857142857143,11.0,13.980952380952383,LWLLWLLLDDDLWDLLWLLWL,False,Tim Melia,USA,GK,36
305,cf975d73,2018,False,14,1215.0,69.0,25.0,45.0,62.49230769230769,1.0,1.6214285714285714,2.0,1.0,1.0,0.0,91.0,225.0,44.135714285714286,356.0,57.0,39.885714285714286,34.214285714285715,123.0,67.27142857142857,49.82142857142857,83.0,5.0,7.814285714285715,11.0,13.664285714285715,WDLWWDLDLWLWDL,False,Nick Rimando,USA,GK,38
306,cf975d73,2018,True,22,1980.0,97.0,39.0,64.0,68.76,6.0,1.7136363636363638,6.0,5.0,1.0,0.0,194.0,425.0,45.28636363636363,643.0,88.0,44.43181818181818,37.77272727272727,196.0,66.53181818181818,49.25,173.0,11.0,5.845454545454545,9.0,12.127272727272727,DLWLWLWLLWLWWWLDLWWLDD,False,Nick Rimando,USA,GK,38
307,cf975d73,2019,False,13,1170.0,54.0,14.0,40.0,72.28333333333333,4.0,1.0923076923076924,2.0,1.0,0.0,1.0,118.0,240.0,49.61538461538461,351.0,51.0,44.53076923076923,37.97692307692308,113.0,75.70769230769231,52.38461538461539,116.0,3.0,2.0615384615384618,10.0,14.86923076923077,WWWLWLWLLWWWL,True,Nick Rimando,USA,GK,39
308,cf975d73,2019,True,18,1620.0,59.0,24.0,38.0,64.3625,6.0,1.011111111111111,2.0,2.0,0.0,0.0,159.0,335.0,49.50555555555556,429.0,55.0,43.294444444444444,37.455555555555556,187.0,79.98888888888888,54.81111111111111,140.0,13.0,9.694444444444445,5.0,12.738888888888889,DWLLLLWWWLLDWWLWDD,True,Nick Rimando,USA,GK,39
309,d1f3e74b,2022,False,2,180.0,11.0,2.0,9.0,88.9,1.0,1.05,0.0,0.0,0.0,0.0,3.0,12.0,25.0,36.0,12.0,31.9,33.65,8.0,12.5,23.15,13.0,1.0,7.15,0.0,12.4,WL,False,Kendall McIntosh,USA,GK,28
310,d52cd2a0,2019,True,1,90.0,3.0,1.0,3.0,100.0,0.0,1.7,1.0,1.0,0.0,0.0,2.0,8.0,25.0,38.0,8.0,13.2,27.0,6.0,50.0,44.0,11.0,0.0,0.0,1.0,17.8,D,False,Adrian Zendejas,MEX,GK,23
311,d6aa8848,2022,True,1,90.0,6.0,2.0,4.0,66.7,0.0,2.4,0.0,0.0,0.0,0.0,2.0,4.0,50.0,14.0,5.0,28.6,29.1,2.0,0.0,15.0,11.0,0.0,0.0,0.0,10.4,L,False,Max Anchor,CAN,GK,18
312,d899e3bf,2018,False,16,1440.0,53.0,20.0,35.0,65.42,5.0,1.125,3.0,2.0,1.0,0.0,110.0,281.0,44.775,465.0,71.0,48.6875,41.875,98.0,62.3875,48.2375,104.0,12.0,15.0375,5.0,13.54375,DWWLWWWLWWLWWWLW,True,Brad Guzan,USA,GK,33
313,d899e3bf,2018,True,22,1923.0,75.0,23.0,56.0,72.20952380952382,6.0,1.0318181818181817,4.0,4.0,0.0,0.0,166.0,418.0,48.38636363636363,638.0,89.0,44.695454545454545,39.72272727272727,172.0,57.95454545454545,47.372727272727275,167.0,8.0,4.79090909090909,5.0,14.44090909090909,LWWWWDWWWLLDWDWDWLWDWW,True,Brad Guzan,USA,GK,33
314,d899e3bf,2019,False,14,1260.0,63.0,16.0,48.0,76.57857142857142,6.0,1.1642857142857144,1.0,0.0,0.0,1.0,127.0,260.0,47.949999999999996,437.0,77.0,42.26428571428572,38.5,120.0,56.15,43.82142857142857,88.0,7.0,6.807142857142857,9.0,15.707142857142857,WWWWLLWWLDWWWL,True,Brad Guzan,USA,GK,34
315,d899e3bf,2019,True,23,2070.0,80.0,29.0,54.0,66.62272727272727,10.0,1.0304347826086957,4.0,3.0,1.0,0.0,174.0,367.0,52.03478260869565,607.0,105.0,43.073913043478264,38.56521739130435,192.0,49.70434782608696,42.19565217391305,155.0,13.0,7.8478260869565215,14.0,14.860869565217392,LDDLWLWWWWWLLWWLWLDLWWL,True,Brad Guzan,USA,GK,34
316,d899e3bf,2021,False,15,1350.0,68.0,14.0,55.0,82.89999999999999,5.0,1.0733333333333335,2.0,2.0,0.0,0.0,126.0,256.0,55.82666666666667,449.0,87.0,42.513333333333335,38.919999999999995,118.0,46.57333333333334,38.3,140.0,15.0,10.953333333333335,5.0,14.16,WLWWWLWLWDWDDWL,False,Brad Guzan,USA,GK,36
317,d899e3bf,2021,True,15,1350.0,63.0,17.0,47.0,75.53999999999999,5.0,1.2,2.0,2.0,0.0,0.0,131.0,282.0,45.233333333333334,591.0,80.0,40.31333333333334,36.526666666666664,110.0,44.36666666666667,32.5,87.0,10.0,13.053333333333333,9.0,12.506666666666666,DWLDWDDDLDLDWWW,False,Brad Guzan,USA,GK,36
318,d899e3bf,2022,True,7,612.0,22.0,9.0,14.0,53.449999999999996,2.0,1.042857142857143,1.0,1.0,0.0,0.0,49.0,92.0,57.9,202.0,37.0,33.45714285714286,34.07142857142857,49.0,40.4,34.885714285714286,50.0,5.0,10.9,4.0,13.685714285714285,WLWDWLD,False,Brad Guzan,USA,GK,38
319,d9178ea2,2019,True,19,1710.0,101.0,45.0,59.0,56.9,2.0,2.0473684210526315,3.0,2.0,1.0,0.0,131.0,343.0,38.73684210526316,488.0,122.0,44.38421052631579,38.3421052631579,178.0,70.3578947368421,53.194736842105264,164.0,11.0,5.810526315789474,10.0,13.889473684210525,DWWLDLLLWLLLLLLWWLL,False,Spencer Richey,USA,GK,26
320,d9178ea2,2021,True,2,180.0,5.0,0.0,5.0,100.0,2.0,0.35,0.0,0.0,0.0,0.0,14.0,47.0,31.0,29.0,3.0,70.7,50.75,26.0,100.0,65.5,26.0,2.0,8.15,0.0,7.1,WW,False,Spencer Richey,USA,GK,28
321,d9178ea2,2022,False,1,90.0,4.0,2.0,2.0,50.0,0.0,2.4,0.0,0.0,0.0,0.0,8.0,28.0,28.6,16.0,0.0,87.5,54.3,16.0,87.5,59.6,10.0,0.0,0.0,1.0,15.8,W,False,Spencer Richey,USA,GK,30
322,dba6b279,2021,False,15,1380.0,78.0,28.0,53.0,68.93333333333334,3.0,1.6733333333333333,1.0,1.0,0.0,0.0,132.0,303.0,43.68,318.0,54.0,57.419999999999995,42.71333333333333,139.0,80.34666666666666,54.7,145.0,16.0,9.879999999999999,9.0,13.466666666666667,LWWLWLWLWLLWDWL,False,David Ochoa,USA,GK,20
323,dba6b279,2021,True,13,1170.0,50.0,15.0,37.0,65.00769230769231,3.0,1.2230769230769232,3.0,2.0,1.0,0.0,105.0,255.0,41.56153846153846,302.0,47.0,54.599999999999994,41.45384615384615,127.0,66.43846153846154,48.33076923076923,128.0,8.0,10.353846153846153,7.0,14.346153846153847,WWLDDWLDLWLDW,False,David Ochoa,USA,GK,20
324,dba6b279,2022,False,9,810.0,45.0,17.0,29.0,58.98888888888889,2.0,1.7,1.0,0.0,1.0,0.0,92.0,196.0,45.78888888888889,332.0,44.0,43.144444444444446,37.0,68.0,82.33333333333333,56.455555555555556,77.0,3.0,3.6333333333333337,9.0,14.966666666666665,LLWDDLLLL,False,David Ochoa,USA,GK,21
325,dd26b605,2021,False,8,720.0,37.0,13.0,24.0,51.975,1.0,1.8,0.0,0.0,0.0,0.0,31.0,94.0,34.1875,129.0,26.0,43.35,40.3625,62.0,56.3875,46.8625,65.0,4.0,7.675,8.0,14.625,LDWWDWDL,False,Jamal Blackman,ENG,GK,27
326,e224e90f,2018,True,1,90.0,6.0,3.0,3.0,50.0,0.0,1.6,0.0,0.0,0.0,0.0,4.0,6.0,66.7,17.0,9.0,11.8,28.4,10.0,40.0,39.7,11.0,3.0,27.3,0.0,19.6,L,False,Bryan Meredith,USA,GK,28
327,e3b198bc,2019,False,9,810.0,41.0,9.0,34.0,80.38888888888889,4.0,1.0444444444444445,1.0,1.0,0.0,0.0,56.0,145.0,41.855555555555554,230.0,59.0,38.77777777777778,35.86666666666667,83.0,65.0,49.55555555555556,82.0,8.0,8.222222222222221,10.0,14.299999999999999,WWWLDWDDW,False,Kenneth Kronholm,GER,GK,33
328,e3b198bc,2019,True,11,990.0,40.0,18.0,24.0,52.77777777777778,1.0,1.3818181818181818,2.0,2.0,0.0,0.0,49.0,111.0,50.74545454545455,280.0,59.0,28.836363636363636,30.481818181818184,71.0,36.00909090909091,38.9,71.0,13.0,15.772727272727273,13.0,19.136363636363637,DDLDLWLLDLD,False,Kenneth Kronholm,GER,GK,33
329,e6f22a6b,2021,True,5,450.0,10.0,5.0,7.0,75.0,2.0,1.1400000000000001,2.0,2.0,0.0,0.0,22.0,51.0,46.46,103.0,13.0,26.76,31.419999999999998,29.0,77.53999999999999,56.94,29.0,3.0,9.0,3.0,15.180000000000001,LLWWW,False,Luis Barraza,USA,GK,24
330,e75f9dba,2022,True,1,90.0,3.0,2.0,1.0,33.3,0.0,1.2,0.0,0.0,0.0,0.0,4.0,9.0,44.4,30.0,5.0,23.3,29.2,4.0,50.0,46.5,13.0,1.0,7.7,0.0,17.0,L,False,George Marks,USA,GK,22
331,e93972ac,2022,True,2,180.0,8.0,3.0,6.0,75.0,0.0,1.4,1.0,1.0,0.0,0.0,14.0,36.0,45.4,35.0,7.0,64.45,42.6,21.0,54.8,44.9,21.0,1.0,6.25,0.0,8.25,WD,False,Elliot Panicco,USA,GK,25
332,ea42e480,2019,False,8,720.0,56.0,16.0,39.0,70.625,1.0,1.85,0.0,0.0,0.0,0.0,81.0,162.0,49.4125,190.0,35.0,54.5375,40.875,85.0,70.225,51.8375,119.0,12.0,7.875,2.0,12.0625,WLWLLLWL,False,Maxime Crépeau,CAN,GK,24
333,ea42e480,2019,True,18,1620.0,97.0,30.0,73.0,79.78333333333333,4.0,1.6,7.0,7.0,0.0,0.0,132.0,320.0,43.58888888888889,447.0,88.0,43.99444444444444,37.95,226.0,53.87222222222223,46.583333333333336,248.0,18.0,7.083333333333333,10.0,11.552941176470588,LLLDLDWDWWLDWDLLLD,False,Maxime Crépeau,CAN,GK,24
334,ea42e480,2021,False,14,1260.0,64.0,14.0,52.0,76.73571428571428,3.0,1.5,3.0,2.0,1.0,0.0,109.0,300.0,37.41428571428571,376.0,73.0,49.971428571428575,41.82142857142857,135.0,82.72142857142856,57.15,139.0,13.0,8.642857142857142,3.0,12.107142857142858,WWLDWDWWWDWDDL,False,Maxime Crépeau,CAN,GK,26
335,ea42e480,2021,True,14,1260.0,61.0,20.0,41.0,66.42142857142856,3.0,1.2642857142857142,1.0,1.0,0.0,0.0,122.0,248.0,48.550000000000004,320.0,58.0,49.75714285714286,40.464285714285715,133.0,71.15714285714286,50.978571428571435,147.0,9.0,7.814285714285715,14.0,15.035714285714286,WDLWLLLLLDDDDW,False,Maxime Crépeau,CAN,GK,26
336,ea42e480,2022,False,11,990.0,45.0,14.0,32.0,61.48181818181818,3.0,1.0999999999999999,1.0,1.0,0.0,0.0,62.0,156.0,41.29090909090909,236.0,48.0,47.3,40.28181818181818,70.0,57.38181818181818,44.14545454545455,90.0,2.0,5.454545454545454,9.0,13.645454545454545,WWLLLWLDWWL,False,Maxime Crépeau,CAN,GK,28
337,ea42e480,2022,True,22,1980.0,63.0,22.0,44.0,63.82000000000001,6.0,0.8227272727272728,1.0,1.0,0.0,0.0,131.0,302.0,44.84090909090909,503.0,111.0,42.77272727272727,37.61363636363637,153.0,51.66818181818182,42.345454545454544,209.0,21.0,10.709090909090909,23.0,14.681818181818182,WDWWWLWWWDLWWDWWLWWWWW,False,Maxime Crépeau,CAN,GK,28
338,eb343262,2022,False,9,810.0,38.0,10.0,28.0,78.03333333333333,2.0,1.1111111111111112,1.0,1.0,0.0,0.0,34.0,98.0,33.56666666666667,209.0,33.0,33.41111111111111,31.599999999999998,74.0,40.455555555555556,37.44444444444444,82.0,3.0,3.0444444444444443,6.0,13.3125,WWLDWWDLW,False,Maarten Paes,NED,GK,24
339,eb343262,2022,True,23,2070.0,82.0,24.0,61.0,70.48095238095237,6.0,1.182608695652174,5.0,3.0,2.0,0.0,81.0,295.0,33.23913043478261,492.0,79.0,39.3304347826087,35.62173913043478,163.0,49.060869565217395,40.84782608695652,213.0,14.0,9.756521739130434,11.0,12.731818181818182,DLWWDWDWDWLWLDLDDLDWWLD,False,Maarten Paes,NED,GK,24
340,ec646e88,2021,False,16,1440.0,70.0,15.0,55.0,77.64375,5.0,0.775,0.0,0.0,0.0,0.0,57.0,139.0,43.825,296.0,76.0,34.23125,35.05,137.0,30.03125,31.5875,119.0,7.0,4.7875,16.0,14.78125,WDWDDDDWWLDWLWWL,False,William Yarbrough,USA,GK,31
341,ec646e88,2021,True,18,1620.0,71.0,18.0,54.0,67.57058823529412,8.0,0.9444444444444444,1.0,1.0,0.0,0.0,68.0,204.0,30.627777777777776,330.0,76.0,39.394444444444446,38.599999999999994,156.0,44.516666666666666,38.75555555555556,116.0,4.0,6.111111111111111,16.0,14.72777777777778,DLWWWLWWLDWDWLWDWW,False,William Yarbrough,USA,GK,31
342,ec646e88,2022,False,11,990.0,58.0,21.0,41.0,75.00909090909092,2.0,1.9181818181818182,5.0,4.0,1.0,0.0,46.0,118.0,37.95454545454545,227.0,53.0,36.39090909090909,37.11818181818182,84.0,36.300000000000004,35.54545454545455,94.0,6.0,5.20909090909091,7.0,13.418181818181818,DLDLLDWWLWD,False,William Yarbrough,USA,GK,33
343,ec646e88,2022,True,23,2024.0,88.0,33.0,59.0,70.98260869565217,7.0,1.2913043478260868,5.0,5.0,0.0,0.0,115.0,271.0,43.108695652173914,455.0,85.0,43.21739130434783,38.44347826086956,185.0,38.10909090909091,35.75454545454546,174.0,7.0,3.4565217391304346,15.0,15.873913043478263,LWWDDLLDWLWLWLDLLDDWLWW,False,William Yarbrough,USA,GK,33
344,ed6320b7,2018,False,6,578.0,41.0,11.0,30.0,73.88571428571429,3.0,1.7249999999999999,0.0,0.0,0.0,0.0,51.0,109.0,39.925,148.0,31.0,47.32857142857143,39.67142857142857,52.0,82.3625,55.7625,62.0,6.0,8.875,6.0,14.87142857142857,DWLWLDWW,False,Steve Clark,USA,GK,31
345,ed6320b7,2018,True,3,270.0,22.0,6.0,16.0,76.39999999999999,1.0,1.4666666666666668,0.0,0.0,0.0,0.0,25.0,61.0,42.76666666666667,111.0,11.0,33.199999999999996,34.4,32.0,84.60000000000001,55.76666666666667,48.0,1.0,1.1333333333333333,2.0,16.833333333333332,WLL,False,Steve Clark,USA,GK,31
346,ed6320b7,2019,False,14,1260.0,62.0,19.0,46.0,71.17142857142856,2.0,1.342857142857143,3.0,3.0,0.0,0.0,95.0,179.0,54.050000000000004,344.0,101.0,29.585714285714285,33.52142857142857,127.0,63.59285714285714,48.57857142857143,149.0,10.0,7.514285714285714,9.0,13.935714285714285,LWWLLWWLLDDDWL,False,Steve Clark,USA,GK,32
347,ed6320b7,2019,True,11,990.0,47.0,8.0,37.0,78.48181818181818,4.0,1.2818181818181817,1.0,0.0,1.0,0.0,89.0,211.0,43.0,291.0,60.0,43.56363636363636,37.690909090909095,96.0,76.51818181818182,55.43636363636363,135.0,13.0,9.736363636363636,6.0,15.0,WWLWWWWDDWW,False,Steve Clark,USA,GK,32
348,ed6320b7,2021,False,19,1740.0,92.0,18.0,77.0,86.41052631578947,8.0,1.3421052631578947,5.0,5.0,0.0,0.0,132.0,306.0,43.78947368421053,421.0,88.0,43.53684210526316,38.636842105263156,179.0,66.90526315789474,48.705263157894734,269.0,14.0,4.489473684210526,5.0,10.236842105263158,LWWWDWWWWLLLWWWWWWD,False,Steve Clark,USA,GK,34
349,ed6320b7,2021,True,9,746.0,37.0,14.0,24.0,67.17777777777778,1.0,1.511111111111111,1.0,1.0,0.0,0.0,50.0,100.0,47.833333333333336,210.0,42.0,29.422222222222224,31.34444444444445,64.0,48.599999999999994,36.94444444444444,89.0,3.0,5.877777777777777,2.0,12.1375,LWLLWWLDD,False,Steve Clark,USA,GK,34
350,ed6320b7,2022,False,10,900.0,47.0,17.0,34.0,66.45,1.0,1.89,6.0,4.0,1.0,1.0,59.0,144.0,43.379999999999995,235.0,46.0,32.71,32.78,120.0,53.82000000000001,41.97,127.0,3.0,2.9,6.0,13.588888888888889,LDLWLDWLWL,False,Steve Clark,USA,GK,36
351,ed6320b7,2022,True,23,2005.0,98.0,31.0,70.0,67.53478260869565,5.0,1.356521739130435,2.0,2.0,0.0,0.0,110.0,259.0,46.560869565217395,655.0,116.0,25.51304347826087,29.186956521739134,190.0,47.71304347826087,39.643478260869564,195.0,6.0,3.226086956521739,22.0,13.347826086956522,DLWDWWDLLLWLWLWLLDLWLLL,False,Steve Clark,USA,GK,36
352,f01df62c,2021,False,1,90.0,5.0,0.0,5.0,100.0,1.0,1.5,0.0,0.0,0.0,0.0,2.0,4.0,50.0,16.0,10.0,25.0,31.8,6.0,0.0,18.7,12.0,3.0,25.0,0.0,12.2,W,False,Mason Stajduhar,USA,GK,23
353,f01df62c,2021,True,4,360.0,10.0,5.0,5.0,39.575,0.0,0.775,0.0,0.0,0.0,0.0,5.0,19.0,19.8,57.0,22.0,21.7,26.55,33.0,13.75,24.175,21.0,1.0,2.075,2.0,14.35,WDDD,False,Mason Stajduhar,USA,GK,23
354,f01df62c,2022,False,1,90.0,10.0,5.0,7.0,60.0,0.0,3.8,1.0,1.0,0.0,0.0,6.0,10.0,60.0,16.0,7.0,50.0,42.7,6.0,33.3,29.3,9.0,1.0,11.1,0.0,13.5,L,False,Mason Stajduhar,USA,GK,24
355,f01df62c,2022,True,1,90.0,2.0,1.0,2.0,100.0,0.0,1.1,1.0,1.0,0.0,0.0,6.0,11.0,54.5,19.0,10.0,42.1,36.2,8.0,37.5,33.5,10.0,1.0,10.0,0.0,13.3,D,False,Mason Stajduhar,USA,GK,24
356,f352799f,2021,False,15,1289.0,68.0,20.0,51.0,76.68571428571428,5.0,1.2933333333333332,2.0,1.0,1.0,0.0,82.0,162.0,56.54,379.0,85.0,32.1,33.31333333333333,99.0,34.26,33.82666666666667,140.0,8.0,5.006666666666666,22.0,15.913333333333332,WDWWWLLLLLLWWLL,False,Nick Marsman,NED,GK,30
357,f352799f,2021,True,7,630.0,27.0,13.0,15.0,54.214285714285715,0.0,1.4000000000000001,1.0,1.0,0.0,0.0,46.0,89.0,54.957142857142856,152.0,32.0,38.34285714285714,36.08571428571428,55.0,57.614285714285714,44.81428571428571,46.0,2.0,5.614285714285714,5.0,13.214285714285714,LDWDWLW,False,Nick Marsman,NED,GK,30
358,f352799f,2022,False,2,180.0,7.0,4.0,3.0,45.85,0.0,1.25,0.0,0.0,0.0,0.0,9.0,18.0,58.95,41.0,8.0,25.75,33.15,18.0,33.3,36.45,11.0,0.0,0.0,3.0,14.45,LL,False,Nick Marsman,NED,GK,32
359,f352799f,2022,True,5,450.0,22.0,8.0,16.0,70.47999999999999,1.0,1.72,2.0,2.0,0.0,0.0,33.0,92.0,40.1,140.0,25.0,47.18,41.12,47.0,50.18,45.760000000000005,69.0,2.0,2.5,2.0,12.78,LWWWL,False,Nick Marsman,NED,GK,32
360,f4a12161,2021,False,11,990.0,45.0,18.0,30.0,70.08181818181818,2.0,1.3818181818181818,3.0,3.0,0.0,0.0,24.0,79.0,36.63,161.0,39.0,29.981818181818184,32.54545454545455,84.0,30.636363636363637,32.699999999999996,98.0,6.0,7.263636363636365,8.0,15.12,LLWDWLDLWLL,False,Michael Nelson,USA,GK,25
361,f4a12161,2022,True,1,155.0,14.0,8.0,6.0,43.75,0.0,3.25,0.0,0.0,0.0,0.0,6.0,12.0,27.25,26.0,3.0,23.35,30.1,13.0,22.75,24.6,20.0,0.0,0.0,2.0,14.15,LL,False,Michael Nelson,USA,GK,27
362,f59bd2d3,2022,False,5,495.0,33.0,13.0,19.0,48.88333333333333,0.0,2.0833333333333335,0.0,0.0,0.0,0.0,31.0,64.0,52.81666666666666,165.0,22.0,32.0,32.53333333333333,33.0,45.73333333333333,35.666666666666664,43.0,1.0,2.3833333333333333,2.0,14.549999999999999,DLDWLL,False,Rocco Ríos Novo,ARG,GK,20
363,f59bd2d3,2022,True,10,900.0,34.0,14.0,20.0,54.17,2.0,1.0,1.0,1.0,0.0,0.0,44.0,74.0,61.470000000000006,355.0,59.0,15.870000000000001,25.619999999999997,54.0,22.839999999999996,27.27,87.0,6.0,8.139999999999999,3.0,13.330000000000002,WLLDLWDLDW,False,Rocco Ríos Novo,ARG,GK,20
364,f7927c06,2018,True,0,55.0,3.0,2.0,1.0,33.3,0.0,0.9,0.0,0.0,0.0,0.0,2.0,20.0,10.0,12.0,2.0,75.0,48.3,12.0,91.7,61.6,1.0,0.0,0.0,2.0,22.5,L,False,Paul Christensen,USA,GK,21
365,fff21763,2018,True,10,900.0,47.0,22.0,29.0,52.42,0.0,1.7900000000000003,2.0,2.0,0.0,0.0,72.0,164.0,47.87,183.0,42.0,45.7,40.58,94.0,79.75,60.220000000000006,99.0,5.0,6.25,3.0,13.459999999999999,DDDDWWLLWL,False,Brian Rowe,USA,GK,29
366,fff21763,2019,False,11,990.0,60.0,19.0,42.0,71.89999999999999,2.0,1.6454545454545455,0.0,0.0,0.0,0.0,73.0,204.0,38.43636363636364,215.0,69.0,50.24545454545455,44.68181818181818,124.0,75.5,59.800000000000004,125.0,12.0,8.918181818181818,7.0,13.5,WDWDLLDDLDL,False,Brian Rowe,USA,GK,30
367,fff21763,2019,True,21,1890.0,90.0,30.0,60.0,67.9095238095238,5.0,1.2380952380952381,1.0,1.0,0.0,0.0,110.0,335.0,34.12857142857143,396.0,97.0,51.34761904761905,44.023809523809526,191.0,71.56190476190476,56.328571428571436,180.0,9.0,4.661904761904762,21.0,14.742857142857144,DDLWLWLWDLLWLWLWLDWLL,False,Brian Rowe,USA,GK,30
